date,region,category,ticket_count
2025-06-01,East Region,checkout_error,6
2025-06-01,East Region,shipping_query,18
2025-06-01,East Region,return_request,12
2025-06-01,East Region,other,41
2025-06-02,East Region,checkout_error,5
2025-06-02,East Region,shipping_query,21
2025-06-02,East Region,return_request,12
2025-06-02,East Region,other,29
2025-06-03,East Region,checkout_error,6
2025-06-03,East Region,shipping_query,26
2025-06-03,East Region,return_request,13
2025-06-03,East Region,other,27
2025-06-04,East Region,checkout_error,8
2025-06-04,East Region,shipping_query,23
2025-06-04,East Region,return_request,17
2025-06-04,East Region,other,46
2025-06-05,East Region,checkout_error,10
2025-06-05,East Region,shipping_query,17
2025-06-05,East Region,return_request,13
2025-06-05,East Region,other,35
2025-06-06,East Region,checkout_error,7
2025-06-06,East Region,shipping_query,24
2025-06-06,East Region,return_request,16
2025-06-06,East Region,other,19
2025-06-07,East Region,checkout_error,8
2025-06-07,East Region,shipping_query,24
2025-06-07,East Region,return_request,15
2025-06-07,East Region,other,32
2025-06-08,East Region,checkout_error,5
2025-06-08,East Region,shipping_query,17
2025-06-08,East Region,return_request,15
2025-06-08,East Region,other,34
2025-06-09,East Region,checkout_error,10
2025-06-09,East Region,shipping_query,15
2025-06-09,East Region,return_request,19
2025-06-09,East Region,other,34
2025-06-10,East Region,checkout_error,4
2025-06-10,East Region,shipping_query,21
2025-06-10,East Region,return_request,10
2025-06-10,East Region,other,36
2025-06-11,East Region,checkout_error,8
2025-06-11,East Region,shipping_query,17
2025-06-11,East Region,return_request,10
2025-06-11,East Region,other,33
2025-06-12,East Region,checkout_error,8
2025-06-12,East Region,shipping_query,21
2025-06-12,East Region,return_request,15
2025-06-12,East Region,other,38
2025-06-13,East Region,checkout_error,7
2025-06-13,East Region,shipping_query,20
2025-06-13,East Region,return_request,13
2025-06-13,East Region,other,34
2025-06-14,East Region,checkout_error,9
2025-06-14,East Region,shipping_query,17
2025-06-14,East Region,return_request,18
2025-06-14,East Region,other,39
2025-06-15,East Region,checkout_error,8
2025-06-15,East Region,shipping_query,18
2025-06-15,East Region,return_request,15
2025-06-15,East Region,other,33
2025-06-16,East Region,checkout_error,7
2025-06-16,East Region,shipping_query,21
2025-06-16,East Region,return_request,12
2025-06-16,East Region,other,50
2025-06-17,East Region,checkout_error,6
2025-06-17,East Region,shipping_query,23
2025-06-17,East Region,return_request,17
2025-06-17,East Region,other,31
2025-06-18,East Region,checkout_error,8
2025-06-18,East Region,shipping_query,20
2025-06-18,East Region,return_request,13
2025-06-18,East Region,other,17
2025-06-19,East Region,checkout_error,8
2025-06-19,East Region,shipping_query,25
2025-06-19,East Region,return_request,14
2025-06-19,East Region,other,36
2025-06-20,East Region,checkout_error,9
2025-06-20,East Region,shipping_query,29
2025-06-20,East Region,return_request,11
2025-06-20,East Region,other,24
2025-06-21,East Region,checkout_error,6
2025-06-21,East Region,shipping_query,22
2025-06-21,East Region,return_request,13
2025-06-21,East Region,other,36
2025-06-22,East Region,checkout_error,11
2025-06-22,East Region,shipping_query,16
2025-06-22,East Region,return_request,14
2025-06-22,East Region,other,35
2025-06-23,East Region,checkout_error,6
2025-06-23,East Region,shipping_query,26
2025-06-23,East Region,return_request,7
2025-06-23,East Region,other,13
2025-06-24,East Region,checkout_error,8
2025-06-24,East Region,shipping_query,19
2025-06-24,East Region,return_request,15
2025-06-24,East Region,other,45
2025-06-25,East Region,checkout_error,7
2025-06-25,East Region,shipping_query,18
2025-06-25,East Region,return_request,9
2025-06-25,East Region,other,23
2025-06-26,East Region,checkout_error,8
2025-06-26,East Region,shipping_query,25
2025-06-26,East Region,return_request,17
2025-06-26,East Region,other,33
2025-06-27,East Region,checkout_error,6
2025-06-27,East Region,shipping_query,15
2025-06-27,East Region,return_request,18
2025-06-27,East Region,other,27
2025-06-28,East Region,checkout_error,10
2025-06-28,East Region,shipping_query,22
2025-06-28,East Region,return_request,19
2025-06-28,East Region,other,27
2025-06-29,East Region,checkout_error,7
2025-06-29,East Region,shipping_query,19
2025-06-29,East Region,return_request,10
2025-06-29,East Region,other,38
2025-06-30,East Region,checkout_error,5
2025-06-30,East Region,shipping_query,20
2025-06-30,East Region,return_request,10
2025-06-30,East Region,other,36
2025-07-01,East Region,checkout_error,10
2025-07-01,East Region,shipping_query,13
2025-07-01,East Region,return_request,13
2025-07-01,East Region,other,29
2025-07-02,East Region,checkout_error,6
2025-07-02,East Region,shipping_query,22
2025-07-02,East Region,return_request,10
2025-07-02,East Region,other,34
2025-07-03,East Region,checkout_error,8
2025-07-03,East Region,shipping_query,20
2025-07-03,East Region,return_request,15
2025-07-03,East Region,other,21
2025-07-04,East Region,checkout_error,8
2025-07-04,East Region,shipping_query,20
2025-07-04,East Region,return_request,13
2025-07-04,East Region,other,32
2025-07-05,East Region,checkout_error,10
2025-07-05,East Region,shipping_query,21
2025-07-05,East Region,return_request,18
2025-07-05,East Region,other,40
2025-07-06,East Region,checkout_error,9
2025-07-06,East Region,shipping_query,26
2025-07-06,East Region,return_request,7
2025-07-06,East Region,other,33
2025-07-07,East Region,checkout_error,6
2025-07-07,East Region,shipping_query,29
2025-07-07,East Region,return_request,18
2025-07-07,East Region,other,44
2025-07-08,East Region,checkout_error,6
2025-07-08,East Region,shipping_query,21
2025-07-08,East Region,return_request,15
2025-07-08,East Region,other,39
2025-07-09,East Region,checkout_error,9
2025-07-09,East Region,shipping_query,27
2025-07-09,East Region,return_request,14
2025-07-09,East Region,other,32
2025-07-10,East Region,checkout_error,10
2025-07-10,East Region,shipping_query,18
2025-07-10,East Region,return_request,17
2025-07-10,East Region,other,37
2025-07-11,East Region,checkout_error,7
2025-07-11,East Region,shipping_query,22
2025-07-11,East Region,return_request,7
2025-07-11,East Region,other,36
2025-07-12,East Region,checkout_error,10
2025-07-12,East Region,shipping_query,19
2025-07-12,East Region,return_request,14
2025-07-12,East Region,other,39
2025-07-13,East Region,checkout_error,9
2025-07-13,East Region,shipping_query,23
2025-07-13,East Region,return_request,11
2025-07-13,East Region,other,29
2025-07-14,East Region,checkout_error,10
2025-07-14,East Region,shipping_query,24
2025-07-14,East Region,return_request,10
2025-07-14,East Region,other,27
2025-07-15,East Region,checkout_error,9
2025-07-15,East Region,shipping_query,26
2025-07-15,East Region,return_request,14
2025-07-15,East Region,other,43
2025-07-16,East Region,checkout_error,7
2025-07-16,East Region,shipping_query,26
2025-07-16,East Region,return_request,8
2025-07-16,East Region,other,33
2025-07-17,East Region,checkout_error,8
2025-07-17,East Region,shipping_query,22
2025-07-17,East Region,return_request,14
2025-07-17,East Region,other,33
2025-07-18,East Region,checkout_error,8
2025-07-18,East Region,shipping_query,16
2025-07-18,East Region,return_request,10
2025-07-18,East Region,other,35
2025-07-19,East Region,checkout_error,6
2025-07-19,East Region,shipping_query,28
2025-07-19,East Region,return_request,16
2025-07-19,East Region,other,37
2025-07-20,East Region,checkout_error,5
2025-07-20,East Region,shipping_query,18
2025-07-20,East Region,return_request,15
2025-07-20,East Region,other,41
2025-07-21,East Region,checkout_error,6
2025-07-21,East Region,shipping_query,25
2025-07-21,East Region,return_request,14
2025-07-21,East Region,other,36
2025-07-22,East Region,checkout_error,11
2025-07-22,East Region,shipping_query,13
2025-07-22,East Region,return_request,15
2025-07-22,East Region,other,37
2025-07-23,East Region,checkout_error,6
2025-07-23,East Region,shipping_query,23
2025-07-23,East Region,return_request,17
2025-07-23,East Region,other,26
2025-07-24,East Region,checkout_error,5
2025-07-24,East Region,shipping_query,23
2025-07-24,East Region,return_request,18
2025-07-24,East Region,other,44
2025-07-25,East Region,checkout_error,6
2025-07-25,East Region,shipping_query,22
2025-07-25,East Region,return_request,14
2025-07-25,East Region,other,40
2025-07-26,East Region,checkout_error,9
2025-07-26,East Region,shipping_query,18
2025-07-26,East Region,return_request,13
2025-07-26,East Region,other,34
2025-07-27,East Region,checkout_error,7
2025-07-27,East Region,shipping_query,9
2025-07-27,East Region,return_request,21
2025-07-27,East Region,other,48
2025-07-28,East Region,checkout_error,8
2025-07-28,East Region,shipping_query,25
2025-07-28,East Region,return_request,12
2025-07-28,East Region,other,43
2025-07-29,East Region,checkout_error,8
2025-07-29,East Region,shipping_query,17
2025-07-29,East Region,return_request,17
2025-07-29,East Region,other,32
2025-07-30,East Region,checkout_error,7
2025-07-30,East Region,shipping_query,20
2025-07-30,East Region,return_request,13
2025-07-30,East Region,other,27
2025-07-31,East Region,checkout_error,8
2025-07-31,East Region,shipping_query,25
2025-07-31,East Region,return_request,15
2025-07-31,East Region,other,36
2025-08-01,East Region,checkout_error,6
2025-08-01,East Region,shipping_query,18
2025-08-01,East Region,return_request,12
2025-08-01,East Region,other,35
2025-08-02,East Region,checkout_error,6
2025-08-02,East Region,shipping_query,23
2025-08-02,East Region,return_request,13
2025-08-02,East Region,other,37
2025-08-03,East Region,checkout_error,8
2025-08-03,East Region,shipping_query,26
2025-08-03,East Region,return_request,15
2025-08-03,East Region,other,26
2025-08-04,East Region,checkout_error,9
2025-08-04,East Region,shipping_query,23
2025-08-04,East Region,return_request,9
2025-08-04,East Region,other,34
2025-08-05,East Region,checkout_error,8
2025-08-05,East Region,shipping_query,21
2025-08-05,East Region,return_request,8
2025-08-05,East Region,other,39
2025-08-06,East Region,checkout_error,9
2025-08-06,East Region,shipping_query,21
2025-08-06,East Region,return_request,12
2025-08-06,East Region,other,44
2025-08-07,East Region,checkout_error,8
2025-08-07,East Region,shipping_query,19
2025-08-07,East Region,return_request,14
2025-08-07,East Region,other,38
2025-08-08,East Region,checkout_error,11
2025-08-08,East Region,shipping_query,28
2025-08-08,East Region,return_request,18
2025-08-08,East Region,other,29
2025-08-09,East Region,checkout_error,32
2025-08-09,East Region,shipping_query,19
2025-08-09,East Region,return_request,18
2025-08-09,East Region,other,33
2025-08-10,East Region,checkout_error,29
2025-08-10,East Region,shipping_query,28
2025-08-10,East Region,return_request,14
2025-08-10,East Region,other,37
2025-08-11,East Region,checkout_error,26
2025-08-11,East Region,shipping_query,15
2025-08-11,East Region,return_request,15
2025-08-11,East Region,other,38
2025-08-12,East Region,checkout_error,24
2025-08-12,East Region,shipping_query,15
2025-08-12,East Region,return_request,8
2025-08-12,East Region,other,30
2025-08-13,East Region,checkout_error,15
2025-08-13,East Region,shipping_query,16
2025-08-13,East Region,return_request,13
2025-08-13,East Region,other,30
2025-08-14,East Region,checkout_error,33
2025-08-14,East Region,shipping_query,26
2025-08-14,East Region,return_request,14
2025-08-14,East Region,other,24
2025-08-15,East Region,checkout_error,17
2025-08-15,East Region,shipping_query,18
2025-08-15,East Region,return_request,15
2025-08-15,East Region,other,33
2025-08-16,East Region,checkout_error,28
2025-08-16,East Region,shipping_query,10
2025-08-16,East Region,return_request,18
2025-08-16,East Region,other,31
2025-08-17,East Region,checkout_error,15
2025-08-17,East Region,shipping_query,15
2025-08-17,East Region,return_request,16
2025-08-17,East Region,other,32
2025-08-18,East Region,checkout_error,7
2025-08-18,East Region,shipping_query,22
2025-08-18,East Region,return_request,15
2025-08-18,East Region,other,32
2025-08-19,East Region,checkout_error,9
2025-08-19,East Region,shipping_query,31
2025-08-19,East Region,return_request,12
2025-08-19,East Region,other,33
2025-08-20,East Region,checkout_error,8
2025-08-20,East Region,shipping_query,25
2025-08-20,East Region,return_request,20
2025-08-20,East Region,other,39
2025-08-21,East Region,checkout_error,10
2025-08-21,East Region,shipping_query,26
2025-08-21,East Region,return_request,13
2025-08-21,East Region,other,27
2025-08-22,East Region,checkout_error,3
2025-08-22,East Region,shipping_query,30
2025-08-22,East Region,return_request,12
2025-08-22,East Region,other,35
2025-08-23,East Region,checkout_error,3
2025-08-23,East Region,shipping_query,28
2025-08-23,East Region,return_request,12
2025-08-23,East Region,other,29
2025-08-24,East Region,checkout_error,7
2025-08-24,East Region,shipping_query,24
2025-08-24,East Region,return_request,15
2025-08-24,East Region,other,30
2025-08-25,East Region,checkout_error,8
2025-08-25,East Region,shipping_query,15
2025-08-25,East Region,return_request,15
2025-08-25,East Region,other,37
2025-08-26,East Region,checkout_error,10
2025-08-26,East Region,shipping_query,18
2025-08-26,East Region,return_request,16
2025-08-26,East Region,other,31
2025-08-27,East Region,checkout_error,8
2025-08-27,East Region,shipping_query,26
2025-08-27,East Region,return_request,15
2025-08-27,East Region,other,37
2025-08-28,East Region,checkout_error,6
2025-08-28,East Region,shipping_query,20
2025-08-28,East Region,return_request,12
2025-08-28,East Region,other,37
2025-08-29,East Region,checkout_error,3
2025-08-29,East Region,shipping_query,24
2025-08-29,East Region,return_request,14
2025-08-29,East Region,other,36
2025-08-30,East Region,checkout_error,7
2025-08-30,East Region,shipping_query,24
2025-08-30,East Region,return_request,11
2025-08-30,East Region,other,43
2025-08-31,East Region,checkout_error,11
2025-08-31,East Region,shipping_query,29
2025-08-31,East Region,return_request,9
2025-08-31,East Region,other,30
2025-09-01,East Region,checkout_error,7
2025-09-01,East Region,shipping_query,18
2025-09-01,East Region,return_request,20
2025-09-01,East Region,other,31
2025-09-02,East Region,checkout_error,9
2025-09-02,East Region,shipping_query,21
2025-09-02,East Region,return_request,13
2025-09-02,East Region,other,36
2025-09-03,East Region,checkout_error,8
2025-09-03,East Region,shipping_query,26
2025-09-03,East Region,return_request,15
2025-09-03,East Region,other,42
2025-09-04,East Region,checkout_error,6
2025-09-04,East Region,shipping_query,25
2025-09-04,East Region,return_request,13
2025-09-04,East Region,other,34
2025-09-05,East Region,checkout_error,8
2025-09-05,East Region,shipping_query,24
2025-09-05,East Region,return_request,16
2025-09-05,East Region,other,32
2025-09-06,East Region,checkout_error,10
2025-09-06,East Region,shipping_query,17
2025-09-06,East Region,return_request,16
2025-09-06,East Region,other,33
2025-09-07,East Region,checkout_error,9
2025-09-07,East Region,shipping_query,20
2025-09-07,East Region,return_request,11
2025-09-07,East Region,other,24
2025-06-01,North Region,checkout_error,7
2025-06-01,North Region,shipping_query,20
2025-06-01,North Region,return_request,19
2025-06-01,North Region,other,51
2025-06-02,North Region,checkout_error,7
2025-06-02,North Region,shipping_query,27
2025-06-02,North Region,return_request,12
2025-06-02,North Region,other,44
2025-06-03,North Region,checkout_error,5
2025-06-03,North Region,shipping_query,24
2025-06-03,North Region,return_request,13
2025-06-03,North Region,other,37
2025-06-04,North Region,checkout_error,5
2025-06-04,North Region,shipping_query,15
2025-06-04,North Region,return_request,18
2025-06-04,North Region,other,36
2025-06-05,North Region,checkout_error,8
2025-06-05,North Region,shipping_query,15
2025-06-05,North Region,return_request,12
2025-06-05,North Region,other,30
2025-06-06,North Region,checkout_error,7
2025-06-06,North Region,shipping_query,20
2025-06-06,North Region,return_request,12
2025-06-06,North Region,other,38
2025-06-07,North Region,checkout_error,9
2025-06-07,North Region,shipping_query,22
2025-06-07,North Region,return_request,17
2025-06-07,North Region,other,37
2025-06-08,North Region,checkout_error,8
2025-06-08,North Region,shipping_query,28
2025-06-08,North Region,return_request,12
2025-06-08,North Region,other,39
2025-06-09,North Region,checkout_error,8
2025-06-09,North Region,shipping_query,20
2025-06-09,North Region,return_request,17
2025-06-09,North Region,other,42
2025-06-10,North Region,checkout_error,9
2025-06-10,North Region,shipping_query,28
2025-06-10,North Region,return_request,14
2025-06-10,North Region,other,38
2025-06-11,North Region,checkout_error,7
2025-06-11,North Region,shipping_query,17
2025-06-11,North Region,return_request,18
2025-06-11,North Region,other,23
2025-06-12,North Region,checkout_error,7
2025-06-12,North Region,shipping_query,19
2025-06-12,North Region,return_request,16
2025-06-12,North Region,other,33
2025-06-13,North Region,checkout_error,8
2025-06-13,North Region,shipping_query,14
2025-06-13,North Region,return_request,12
2025-06-13,North Region,other,33
2025-06-14,North Region,checkout_error,7
2025-06-14,North Region,shipping_query,25
2025-06-14,North Region,return_request,7
2025-06-14,North Region,other,33
2025-06-15,North Region,checkout_error,7
2025-06-15,North Region,shipping_query,22
2025-06-15,North Region,return_request,15
2025-06-15,North Region,other,32
2025-06-16,North Region,checkout_error,6
2025-06-16,North Region,shipping_query,20
2025-06-16,North Region,return_request,17
2025-06-16,North Region,other,40
2025-06-17,North Region,checkout_error,6
2025-06-17,North Region,shipping_query,27
2025-06-17,North Region,return_request,12
2025-06-17,North Region,other,29
2025-06-18,North Region,checkout_error,9
2025-06-18,North Region,shipping_query,20
2025-06-18,North Region,return_request,18
2025-06-18,North Region,other,39
2025-06-19,North Region,checkout_error,8
2025-06-19,North Region,shipping_query,18
2025-06-19,North Region,return_request,17
2025-06-19,North Region,other,29
2025-06-20,North Region,checkout_error,8
2025-06-20,North Region,shipping_query,19
2025-06-20,North Region,return_request,13
2025-06-20,North Region,other,43
2025-06-21,North Region,checkout_error,9
2025-06-21,North Region,shipping_query,26
2025-06-21,North Region,return_request,12
2025-06-21,North Region,other,35
2025-06-22,North Region,checkout_error,6
2025-06-22,North Region,shipping_query,25
2025-06-22,North Region,return_request,13
2025-06-22,North Region,other,48
2025-06-23,North Region,checkout_error,7
2025-06-23,North Region,shipping_query,26
2025-06-23,North Region,return_request,21
2025-06-23,North Region,other,31
2025-06-24,North Region,checkout_error,10
2025-06-24,North Region,shipping_query,22
2025-06-24,North Region,return_request,13
2025-06-24,North Region,other,38
2025-06-25,North Region,checkout_error,5
2025-06-25,North Region,shipping_query,18
2025-06-25,North Region,return_request,15
2025-06-25,North Region,other,34
2025-06-26,North Region,checkout_error,5
2025-06-26,North Region,shipping_query,29
2025-06-26,North Region,return_request,12
2025-06-26,North Region,other,30
2025-06-27,North Region,checkout_error,6
2025-06-27,North Region,shipping_query,21
2025-06-27,North Region,return_request,17
2025-06-27,North Region,other,29
2025-06-28,North Region,checkout_error,11
2025-06-28,North Region,shipping_query,18
2025-06-28,North Region,return_request,14
2025-06-28,North Region,other,33
2025-06-29,North Region,checkout_error,5
2025-06-29,North Region,shipping_query,31
2025-06-29,North Region,return_request,12
2025-06-29,North Region,other,35
2025-06-30,North Region,checkout_error,7
2025-06-30,North Region,shipping_query,20
2025-06-30,North Region,return_request,16
2025-06-30,North Region,other,34
2025-07-01,North Region,checkout_error,10
2025-07-01,North Region,shipping_query,20
2025-07-01,North Region,return_request,18
2025-07-01,North Region,other,30
2025-07-02,North Region,checkout_error,9
2025-07-02,North Region,shipping_query,31
2025-07-02,North Region,return_request,15
2025-07-02,North Region,other,27
2025-07-03,North Region,checkout_error,6
2025-07-03,North Region,shipping_query,25
2025-07-03,North Region,return_request,16
2025-07-03,North Region,other,39
2025-07-04,North Region,checkout_error,10
2025-07-04,North Region,shipping_query,12
2025-07-04,North Region,return_request,19
2025-07-04,North Region,other,30
2025-07-05,North Region,checkout_error,11
2025-07-05,North Region,shipping_query,24
2025-07-05,North Region,return_request,9
2025-07-05,North Region,other,18
2025-07-06,North Region,checkout_error,8
2025-07-06,North Region,shipping_query,22
2025-07-06,North Region,return_request,12
2025-07-06,North Region,other,39
2025-07-07,North Region,checkout_error,7
2025-07-07,North Region,shipping_query,23
2025-07-07,North Region,return_request,9
2025-07-07,North Region,other,37
2025-07-08,North Region,checkout_error,10
2025-07-08,North Region,shipping_query,29
2025-07-08,North Region,return_request,8
2025-07-08,North Region,other,34
2025-07-09,North Region,checkout_error,9
2025-07-09,North Region,shipping_query,23
2025-07-09,North Region,return_request,14
2025-07-09,North Region,other,26
2025-07-10,North Region,checkout_error,9
2025-07-10,North Region,shipping_query,23
2025-07-10,North Region,return_request,17
2025-07-10,North Region,other,34
2025-07-11,North Region,checkout_error,8
2025-07-11,North Region,shipping_query,26
2025-07-11,North Region,return_request,13
2025-07-11,North Region,other,32
2025-07-12,North Region,checkout_error,8
2025-07-12,North Region,shipping_query,9
2025-07-12,North Region,return_request,12
2025-07-12,North Region,other,32
2025-07-13,North Region,checkout_error,11
2025-07-13,North Region,shipping_query,15
2025-07-13,North Region,return_request,9
2025-07-13,North Region,other,31
2025-07-14,North Region,checkout_error,9
2025-07-14,North Region,shipping_query,21
2025-07-14,North Region,return_request,10
2025-07-14,North Region,other,44
2025-07-15,North Region,checkout_error,6
2025-07-15,North Region,shipping_query,22
2025-07-15,North Region,return_request,10
2025-07-15,North Region,other,23
2025-07-16,North Region,checkout_error,4
2025-07-16,North Region,shipping_query,26
2025-07-16,North Region,return_request,13
2025-07-16,North Region,other,33
2025-07-17,North Region,checkout_error,9
2025-07-17,North Region,shipping_query,23
2025-07-17,North Region,return_request,9
2025-07-17,North Region,other,39
2025-07-18,North Region,checkout_error,5
2025-07-18,North Region,shipping_query,24
2025-07-18,North Region,return_request,12
2025-07-18,North Region,other,37
2025-07-19,North Region,checkout_error,11
2025-07-19,North Region,shipping_query,21
2025-07-19,North Region,return_request,15
2025-07-19,North Region,other,20
2025-07-20,North Region,checkout_error,5
2025-07-20,North Region,shipping_query,23
2025-07-20,North Region,return_request,13
2025-07-20,North Region,other,42
2025-07-21,North Region,checkout_error,9
2025-07-21,North Region,shipping_query,26
2025-07-21,North Region,return_request,10
2025-07-21,North Region,other,34
2025-07-22,North Region,checkout_error,7
2025-07-22,North Region,shipping_query,24
2025-07-22,North Region,return_request,14
2025-07-22,North Region,other,31
2025-07-23,North Region,checkout_error,11
2025-07-23,North Region,shipping_query,20
2025-07-23,North Region,return_request,17
2025-07-23,North Region,other,28
2025-07-24,North Region,checkout_error,6
2025-07-24,North Region,shipping_query,17
2025-07-24,North Region,return_request,17
2025-07-24,North Region,other,29
2025-07-25,North Region,checkout_error,9
2025-07-25,North Region,shipping_query,20
2025-07-25,North Region,return_request,8
2025-07-25,North Region,other,42
2025-07-26,North Region,checkout_error,7
2025-07-26,North Region,shipping_query,21
2025-07-26,North Region,return_request,14
2025-07-26,North Region,other,38
2025-07-27,North Region,checkout_error,8
2025-07-27,North Region,shipping_query,22
2025-07-27,North Region,return_request,11
2025-07-27,North Region,other,34
2025-07-28,North Region,checkout_error,4
2025-07-28,North Region,shipping_query,21
2025-07-28,North Region,return_request,16
2025-07-28,North Region,other,39
2025-07-29,North Region,checkout_error,8
2025-07-29,North Region,shipping_query,21
2025-07-29,North Region,return_request,13
2025-07-29,North Region,other,23
2025-07-30,North Region,checkout_error,8
2025-07-30,North Region,shipping_query,17
2025-07-30,North Region,return_request,15
2025-07-30,North Region,other,38
2025-07-31,North Region,checkout_error,6
2025-07-31,North Region,shipping_query,28
2025-07-31,North Region,return_request,15
2025-07-31,North Region,other,34
2025-08-01,North Region,checkout_error,8
2025-08-01,North Region,shipping_query,22
2025-08-01,North Region,return_request,15
2025-08-01,North Region,other,45
2025-08-02,North Region,checkout_error,3
2025-08-02,North Region,shipping_query,20
2025-08-02,North Region,return_request,16
2025-08-02,North Region,other,35
2025-08-03,North Region,checkout_error,8
2025-08-03,North Region,shipping_query,17
2025-08-03,North Region,return_request,6
2025-08-03,North Region,other,32
2025-08-04,North Region,checkout_error,6
2025-08-04,North Region,shipping_query,23
2025-08-04,North Region,return_request,16
2025-08-04,North Region,other,28
2025-08-05,North Region,checkout_error,10
2025-08-05,North Region,shipping_query,24
2025-08-05,North Region,return_request,13
2025-08-05,North Region,other,44
2025-08-06,North Region,checkout_error,8
2025-08-06,North Region,shipping_query,22
2025-08-06,North Region,return_request,16
2025-08-06,North Region,other,48
2025-08-07,North Region,checkout_error,8
2025-08-07,North Region,shipping_query,17
2025-08-07,North Region,return_request,12
2025-08-07,North Region,other,34
2025-08-08,North Region,checkout_error,6
2025-08-08,North Region,shipping_query,27
2025-08-08,North Region,return_request,15
2025-08-08,North Region,other,41
2025-08-09,North Region,checkout_error,6
2025-08-09,North Region,shipping_query,19
2025-08-09,North Region,return_request,12
2025-08-09,North Region,other,34
2025-08-10,North Region,checkout_error,6
2025-08-10,North Region,shipping_query,32
2025-08-10,North Region,return_request,13
2025-08-10,North Region,other,31
2025-08-11,North Region,checkout_error,5
2025-08-11,North Region,shipping_query,22
2025-08-11,North Region,return_request,16
2025-08-11,North Region,other,24
2025-08-12,North Region,checkout_error,4
2025-08-12,North Region,shipping_query,20
2025-08-12,North Region,return_request,14
2025-08-12,North Region,other,39
2025-08-13,North Region,checkout_error,6
2025-08-13,North Region,shipping_query,18
2025-08-13,North Region,return_request,13
2025-08-13,North Region,other,36
2025-08-14,North Region,checkout_error,11
2025-08-14,North Region,shipping_query,15
2025-08-14,North Region,return_request,16
2025-08-14,North Region,other,35
2025-08-15,North Region,checkout_error,6
2025-08-15,North Region,shipping_query,26
2025-08-15,North Region,return_request,15
2025-08-15,North Region,other,34
2025-08-16,North Region,checkout_error,8
2025-08-16,North Region,shipping_query,15
2025-08-16,North Region,return_request,13
2025-08-16,North Region,other,39
2025-08-17,North Region,checkout_error,11
2025-08-17,North Region,shipping_query,15
2025-08-17,North Region,return_request,13
2025-08-17,North Region,other,32
2025-08-25,North Region,checkout_error,6
2025-08-25,North Region,shipping_query,22
2025-08-25,North Region,return_request,14
2025-08-25,North Region,other,26
2025-08-26,North Region,checkout_error,5
2025-08-26,North Region,shipping_query,21
2025-08-26,North Region,return_request,19
2025-08-26,North Region,other,32
2025-08-27,North Region,checkout_error,10
2025-08-27,North Region,shipping_query,27
2025-08-27,North Region,return_request,12
2025-08-27,North Region,other,38
2025-08-28,North Region,checkout_error,7
2025-08-28,North Region,shipping_query,23
2025-08-28,North Region,return_request,10
2025-08-28,North Region,other,35
2025-08-29,North Region,checkout_error,8
2025-08-29,North Region,shipping_query,15
2025-08-29,North Region,return_request,15
2025-08-29,North Region,other,33
2025-08-30,North Region,checkout_error,6
2025-08-30,North Region,shipping_query,21
2025-08-30,North Region,return_request,9
2025-08-30,North Region,other,39
2025-08-31,North Region,checkout_error,10
2025-08-31,North Region,shipping_query,26
2025-08-31,North Region,return_request,9
2025-08-31,North Region,other,32
2025-09-01,North Region,checkout_error,7
2025-09-01,North Region,shipping_query,19
2025-09-01,North Region,return_request,18
2025-09-01,North Region,other,33
2025-09-02,North Region,checkout_error,8
2025-09-02,North Region,shipping_query,21
2025-09-02,North Region,return_request,14
2025-09-02,North Region,other,29
2025-09-03,North Region,checkout_error,10
2025-09-03,North Region,shipping_query,23
2025-09-03,North Region,return_request,17
2025-09-03,North Region,other,31
2025-09-04,North Region,checkout_error,11
2025-09-04,North Region,shipping_query,13
2025-09-04,North Region,return_request,18
2025-09-04,North Region,other,32
2025-09-05,North Region,checkout_error,5
2025-09-05,North Region,shipping_query,21
2025-09-05,North Region,return_request,11
2025-09-05,North Region,other,41
2025-09-06,North Region,checkout_error,7
2025-09-06,North Region,shipping_query,24
2025-09-06,North Region,return_request,14
2025-09-06,North Region,other,30
2025-09-07,North Region,checkout_error,8
2025-09-07,North Region,shipping_query,25
2025-09-07,North Region,return_request,16
2025-09-07,North Region,other,32
2025-09-08,East Region,checkout_error,8
2025-09-08,East Region,shipping_query,27
2025-09-08,East Region,return_request,12
2025-09-08,East Region,other,40
2025-09-08,North Region,checkout_error,9
2025-09-08,North Region,shipping_query,18
2025-09-08,North Region,return_request,19
2025-09-08,North Region,other,34
2025-09-09,East Region,checkout_error,7
2025-09-09,East Region,shipping_query,23
2025-09-09,East Region,return_request,15
2025-09-09,East Region,other,27
2025-09-09,North Region,checkout_error,8
2025-09-09,North Region,shipping_query,16
2025-09-09,North Region,return_request,14
2025-09-09,North Region,other,48
2025-09-10,East Region,checkout_error,11
2025-09-10,East Region,shipping_query,21
2025-09-10,East Region,return_request,17
2025-09-10,East Region,other,36
2025-09-10,North Region,checkout_error,7
2025-09-10,North Region,shipping_query,19
2025-09-10,North Region,return_request,10
2025-09-10,North Region,other,35
2025-09-11,East Region,checkout_error,8
2025-09-11,East Region,shipping_query,18
2025-09-11,East Region,return_request,15
2025-09-11,East Region,other,35
2025-09-11,North Region,checkout_error,8
2025-09-11,North Region,shipping_query,15
2025-09-11,North Region,return_request,11
2025-09-11,North Region,other,38
2025-09-12,East Region,checkout_error,10
2025-09-12,East Region,shipping_query,20
2025-09-12,East Region,return_request,16
2025-09-12,East Region,other,33
2025-09-12,North Region,checkout_error,8
2025-09-12,North Region,shipping_query,26
2025-09-12,North Region,return_request,18
2025-09-12,North Region,other,40
2025-09-13,East Region,checkout_error,9
2025-09-13,East Region,shipping_query,19
2025-09-13,East Region,return_request,13
2025-09-13,East Region,other,38
2025-09-13,North Region,checkout_error,2
2025-09-13,North Region,shipping_query,22
2025-09-13,North Region,return_request,18
2025-09-13,North Region,other,39
2025-09-14,East Region,checkout_error,8
2025-09-14,East Region,shipping_query,27
2025-09-14,East Region,return_request,14
2025-09-14,East Region,other,32
2025-09-14,North Region,checkout_error,7
2025-09-14,North Region,shipping_query,19
2025-09-14,North Region,return_request,11
2025-09-14,North Region,other,30
2025-09-15,East Region,checkout_error,6
2025-09-15,East Region,shipping_query,21
2025-09-15,East Region,return_request,17
2025-09-15,East Region,other,50
2025-09-15,North Region,checkout_error,8
2025-09-15,North Region,shipping_query,20
2025-09-15,North Region,return_request,15
2025-09-15,North Region,other,31
2025-09-16,East Region,checkout_error,9
2025-09-16,East Region,shipping_query,22
2025-09-16,East Region,return_request,13
2025-09-16,East Region,other,23
2025-09-16,North Region,checkout_error,10
2025-09-16,North Region,shipping_query,18
2025-09-16,North Region,return_request,11
2025-09-16,North Region,other,38
2025-09-17,East Region,checkout_error,10
2025-09-17,East Region,shipping_query,20
2025-09-17,East Region,return_request,11
2025-09-17,East Region,other,37
2025-09-17,North Region,checkout_error,7
2025-09-17,North Region,shipping_query,22
2025-09-17,North Region,return_request,14
2025-09-17,North Region,other,33
2025-09-18,East Region,checkout_error,7
2025-09-18,East Region,shipping_query,28
2025-09-18,East Region,return_request,15
2025-09-18,East Region,other,34
2025-09-18,North Region,checkout_error,7
2025-09-18,North Region,shipping_query,18
2025-09-18,North Region,return_request,9
2025-09-18,North Region,other,43
2025-09-19,East Region,checkout_error,7
2025-09-19,East Region,shipping_query,25
2025-09-19,East Region,return_request,6
2025-09-19,East Region,other,39
2025-09-19,North Region,checkout_error,9
2025-09-19,North Region,shipping_query,28
2025-09-19,North Region,return_request,13
2025-09-19,North Region,other,39
2025-09-20,East Region,checkout_error,8
2025-09-20,East Region,shipping_query,18
2025-09-20,East Region,return_request,15
2025-09-20,East Region,other,30
2025-09-20,North Region,checkout_error,7
2025-09-20,North Region,shipping_query,19
2025-09-20,North Region,return_request,9
2025-09-20,North Region,other,21
2025-09-21,East Region,checkout_error,8
2025-09-21,East Region,shipping_query,20
2025-09-21,East Region,return_request,13
2025-09-21,East Region,other,35
2025-09-21,North Region,checkout_error,7
2025-09-21,North Region,shipping_query,25
2025-09-21,North Region,return_request,18
2025-09-21,North Region,other,35
2025-09-22,East Region,checkout_error,8
2025-09-22,East Region,shipping_query,34
2025-09-22,East Region,return_request,10
2025-09-22,East Region,other,44
2025-09-22,North Region,checkout_error,7
2025-09-22,North Region,shipping_query,21
2025-09-22,North Region,return_request,14
2025-09-22,North Region,other,41
2025-09-23,East Region,checkout_error,10
2025-09-23,East Region,shipping_query,18
2025-09-23,East Region,return_request,15
2025-09-23,East Region,other,35
2025-09-23,North Region,checkout_error,12
2025-09-23,North Region,shipping_query,26
2025-09-23,North Region,return_request,17
2025-09-23,North Region,other,37
2025-09-24,East Region,checkout_error,9
2025-09-24,East Region,shipping_query,18
2025-09-24,East Region,return_request,14
2025-09-24,East Region,other,23
2025-09-24,North Region,checkout_error,9
2025-09-24,North Region,shipping_query,21
2025-09-24,North Region,return_request,15
2025-09-24,North Region,other,35
2025-09-25,East Region,checkout_error,5
2025-09-25,East Region,shipping_query,24
2025-09-25,East Region,return_request,11
2025-09-25,East Region,other,49
2025-09-25,North Region,checkout_error,6
2025-09-25,North Region,shipping_query,22
2025-09-25,North Region,return_request,15
2025-09-25,North Region,other,32
2025-09-26,East Region,checkout_error,10
2025-09-26,East Region,shipping_query,19
2025-09-26,East Region,return_request,13
2025-09-26,East Region,other,32
2025-09-26,North Region,checkout_error,6
2025-09-26,North Region,shipping_query,23
2025-09-26,North Region,return_request,13
2025-09-26,North Region,other,39
2025-09-27,East Region,checkout_error,7
2025-09-27,East Region,shipping_query,29
2025-09-27,East Region,return_request,13
2025-09-27,East Region,other,35
2025-09-27,North Region,checkout_error,7
2025-09-27,North Region,shipping_query,22
2025-09-27,North Region,return_request,11
2025-09-27,North Region,other,39
2025-09-28,East Region,checkout_error,6
2025-09-28,East Region,shipping_query,24
2025-09-28,East Region,return_request,14
2025-09-28,East Region,other,29
2025-09-28,North Region,checkout_error,8
2025-09-28,North Region,shipping_query,26
2025-09-28,North Region,return_request,15
2025-09-28,North Region,other,17
2025-09-29,East Region,checkout_error,12
2025-09-29,East Region,shipping_query,22
2025-09-29,East Region,return_request,13
2025-09-29,East Region,other,41
2025-09-29,North Region,checkout_error,7
2025-09-29,North Region,shipping_query,25
2025-09-29,North Region,return_request,13
2025-09-29,North Region,other,46
2025-09-30,East Region,checkout_error,6
2025-09-30,East Region,shipping_query,23
2025-09-30,East Region,return_request,16
2025-09-30,East Region,other,26
2025-09-30,North Region,checkout_error,7
2025-09-30,North Region,shipping_query,22
2025-09-30,North Region,return_request,16
2025-09-30,North Region,other,32
2025-10-01,East Region,checkout_error,9
2025-10-01,East Region,shipping_query,19
2025-10-01,East Region,return_request,13
2025-10-01,East Region,other,37
2025-10-01,North Region,checkout_error,3
2025-10-01,North Region,shipping_query,28
2025-10-01,North Region,return_request,11
2025-10-01,North Region,other,33
2025-10-02,East Region,checkout_error,11
2025-10-02,East Region,shipping_query,29
2025-10-02,East Region,return_request,15
2025-10-02,East Region,other,31
2025-10-02,North Region,checkout_error,5
2025-10-02,North Region,shipping_query,15
2025-10-02,North Region,return_request,15
2025-10-02,North Region,other,36
2025-10-03,East Region,checkout_error,8
2025-10-03,East Region,shipping_query,20
2025-10-03,East Region,return_request,12
2025-10-03,East Region,other,23
2025-10-03,North Region,checkout_error,8
2025-10-03,North Region,shipping_query,22
2025-10-03,North Region,return_request,16
2025-10-03,North Region,other,31
2025-10-04,East Region,checkout_error,7
2025-10-04,East Region,shipping_query,23
2025-10-04,East Region,return_request,6
2025-10-04,East Region,other,30
2025-10-04,North Region,checkout_error,5
2025-10-04,North Region,shipping_query,23
2025-10-04,North Region,return_request,15
2025-10-04,North Region,other,41
2025-10-05,East Region,checkout_error,9
2025-10-05,East Region,shipping_query,27
2025-10-05,East Region,return_request,18
2025-10-05,East Region,other,30
2025-10-05,North Region,checkout_error,8
2025-10-05,North Region,shipping_query,26
2025-10-05,North Region,return_request,14
2025-10-05,North Region,other,45
2025-10-06,East Region,checkout_error,12
2025-10-06,East Region,shipping_query,17
2025-10-06,East Region,return_request,13
2025-10-06,East Region,other,30
2025-10-06,North Region,checkout_error,5
2025-10-06,North Region,shipping_query,23
2025-10-06,North Region,return_request,22
2025-10-06,North Region,other,23
2025-10-07,East Region,checkout_error,8
2025-10-07,East Region,shipping_query,25
2025-10-07,East Region,return_request,8
2025-10-07,East Region,other,38
2025-10-07,North Region,checkout_error,5
2025-10-07,North Region,shipping_query,20
2025-10-07,North Region,return_request,11
2025-10-07,North Region,other,36
2025-10-08,East Region,checkout_error,8
2025-10-08,East Region,shipping_query,20
2025-10-08,East Region,return_request,14
2025-10-08,East Region,other,32
2025-10-08,North Region,checkout_error,9
2025-10-08,North Region,shipping_query,26
2025-10-08,North Region,return_request,15
2025-10-08,North Region,other,35
2025-10-09,East Region,checkout_error,6
2025-10-09,East Region,shipping_query,25
2025-10-09,East Region,return_request,16
2025-10-09,East Region,other,44
2025-10-09,North Region,checkout_error,8
2025-10-09,North Region,shipping_query,28
2025-10-09,North Region,return_request,12
2025-10-09,North Region,other,41
2025-10-10,East Region,checkout_error,4
2025-10-10,East Region,shipping_query,11
2025-10-10,East Region,return_request,7
2025-10-10,East Region,other,33
2025-10-10,North Region,checkout_error,6
2025-10-10,North Region,shipping_query,26
2025-10-10,North Region,return_request,10
2025-10-10,North Region,other,39
2025-10-11,East Region,checkout_error,6
2025-10-11,East Region,shipping_query,20
2025-10-11,East Region,return_request,11
2025-10-11,East Region,other,40
2025-10-11,North Region,checkout_error,6
2025-10-11,North Region,shipping_query,31
2025-10-11,North Region,return_request,12
2025-10-11,North Region,other,44
2025-10-12,East Region,checkout_error,9
2025-10-12,East Region,shipping_query,21
2025-10-12,East Region,return_request,12
2025-10-12,East Region,other,31
2025-10-12,North Region,checkout_error,4
2025-10-12,North Region,shipping_query,16
2025-10-12,North Region,return_request,10
2025-10-12,North Region,other,41
2025-10-13,East Region,checkout_error,8
2025-10-13,East Region,shipping_query,19
2025-10-13,East Region,return_request,18
2025-10-13,East Region,other,25
2025-10-13,North Region,checkout_error,10
2025-10-13,North Region,shipping_query,22
2025-10-13,North Region,return_request,14
2025-10-13,North Region,other,30
2025-10-14,East Region,checkout_error,5
2025-10-14,East Region,shipping_query,19
2025-10-14,East Region,return_request,13
2025-10-14,East Region,other,41
2025-10-14,North Region,checkout_error,4
2025-10-14,North Region,shipping_query,17
2025-10-14,North Region,return_request,11
2025-10-14,North Region,other,31
2025-10-15,East Region,checkout_error,9
2025-10-15,East Region,shipping_query,21
2025-10-15,East Region,return_request,14
2025-10-15,East Region,other,38
2025-10-15,North Region,checkout_error,10
2025-10-15,North Region,shipping_query,21
2025-10-15,North Region,return_request,14
2025-10-15,North Region,other,43
2025-10-16,East Region,checkout_error,7
2025-10-16,East Region,shipping_query,17
2025-10-16,East Region,return_request,15
2025-10-16,East Region,other,37
2025-10-16,North Region,checkout_error,8
2025-10-16,North Region,shipping_query,21
2025-10-16,North Region,return_request,17
2025-10-16,North Region,other,30
2025-10-17,East Region,checkout_error,7
2025-10-17,East Region,shipping_query,16
2025-10-17,East Region,return_request,8
2025-10-17,East Region,other,34
2025-10-17,North Region,checkout_error,8
2025-10-17,North Region,shipping_query,15
2025-10-17,North Region,return_request,9
2025-10-17,North Region,other,38
2025-10-18,East Region,checkout_error,8
2025-10-18,East Region,shipping_query,22
2025-10-18,East Region,return_request,12
2025-10-18,East Region,other,33
2025-10-18,North Region,checkout_error,7
2025-10-18,North Region,shipping_query,19
2025-10-18,North Region,return_request,18
2025-10-18,North Region,other,32
2025-10-19,East Region,checkout_error,8
2025-10-19,East Region,shipping_query,23
2025-10-19,East Region,return_request,8
2025-10-19,East Region,other,32
2025-10-19,North Region,checkout_error,10
2025-10-19,North Region,shipping_query,20
2025-10-19,North Region,return_request,13
2025-10-19,North Region,other,23
2025-10-20,East Region,checkout_error,6
2025-10-20,East Region,shipping_query,19
2025-10-20,East Region,return_request,10
2025-10-20,East Region,other,43
2025-10-20,North Region,checkout_error,9
2025-10-20,North Region,shipping_query,25
2025-10-20,North Region,return_request,12
2025-10-20,North Region,other,34
2025-10-21,East Region,checkout_error,7
2025-10-21,East Region,shipping_query,25
2025-10-21,East Region,return_request,14
2025-10-21,East Region,other,40
2025-10-21,North Region,checkout_error,10
2025-10-21,North Region,shipping_query,27
2025-10-21,North Region,return_request,20
2025-10-21,North Region,other,35
2025-10-22,East Region,checkout_error,9
2025-10-22,East Region,shipping_query,24
2025-10-22,East Region,return_request,11
2025-10-22,East Region,other,37
2025-10-22,North Region,checkout_error,8
2025-10-22,North Region,shipping_query,24
2025-10-22,North Region,return_request,13
2025-10-22,North Region,other,37
2025-10-23,East Region,checkout_error,8
2025-10-23,East Region,shipping_query,20
2025-10-23,East Region,return_request,9
2025-10-23,East Region,other,39
2025-10-23,North Region,checkout_error,10
2025-10-23,North Region,shipping_query,18
2025-10-23,North Region,return_request,15
2025-10-23,North Region,other,37
2025-10-24,East Region,checkout_error,5
2025-10-24,East Region,shipping_query,27
2025-10-24,East Region,return_request,16
2025-10-24,East Region,other,39
2025-10-24,North Region,checkout_error,7
2025-10-24,North Region,shipping_query,20
2025-10-24,North Region,return_request,15
2025-10-24,North Region,other,40
2025-10-25,East Region,checkout_error,6
2025-10-25,East Region,shipping_query,18
2025-10-25,East Region,return_request,8
2025-10-25,East Region,other,35
2025-10-25,North Region,checkout_error,8
2025-10-25,North Region,shipping_query,21
2025-10-25,North Region,return_request,15
2025-10-25,North Region,other,27
2025-10-26,East Region,checkout_error,9
2025-10-26,East Region,shipping_query,26
2025-10-26,East Region,return_request,11
2025-10-26,East Region,other,41
2025-10-26,North Region,checkout_error,8
2025-10-26,North Region,shipping_query,22
2025-10-26,North Region,return_request,9
2025-10-26,North Region,other,27
2025-10-27,East Region,checkout_error,3
2025-10-27,East Region,shipping_query,16
2025-10-27,East Region,return_request,21
2025-10-27,East Region,other,30
2025-10-27,North Region,checkout_error,3
2025-10-27,North Region,shipping_query,27
2025-10-27,North Region,return_request,6
2025-10-27,North Region,other,28
2025-10-28,East Region,checkout_error,8
2025-10-28,East Region,shipping_query,8
2025-10-28,East Region,return_request,14
2025-10-28,East Region,other,29
2025-10-28,North Region,checkout_error,6
2025-10-28,North Region,shipping_query,19
2025-10-28,North Region,return_request,16
2025-10-28,North Region,other,30
2025-10-29,East Region,checkout_error,7
2025-10-29,East Region,shipping_query,30
2025-10-29,East Region,return_request,11
2025-10-29,East Region,other,35
2025-10-29,North Region,checkout_error,8
2025-10-29,North Region,shipping_query,26
2025-10-29,North Region,return_request,15
2025-10-29,North Region,other,36
2025-10-30,East Region,checkout_error,12
2025-10-30,East Region,shipping_query,25
2025-10-30,East Region,return_request,10
2025-10-30,East Region,other,24
2025-10-30,North Region,checkout_error,9
2025-10-30,North Region,shipping_query,18
2025-10-30,North Region,return_request,12
2025-10-30,North Region,other,44
2025-10-31,East Region,checkout_error,7
2025-10-31,East Region,shipping_query,24
2025-10-31,East Region,return_request,15
2025-10-31,East Region,other,32
2025-10-31,North Region,checkout_error,5
2025-10-31,North Region,shipping_query,25
2025-10-31,North Region,return_request,14
2025-10-31,North Region,other,34
2025-11-01,East Region,checkout_error,10
2025-11-01,East Region,shipping_query,21
2025-11-01,East Region,return_request,12
2025-11-01,East Region,other,29
2025-11-01,North Region,checkout_error,9
2025-11-01,North Region,shipping_query,19
2025-11-01,North Region,return_request,13
2025-11-01,North Region,other,42
2025-11-02,East Region,checkout_error,8
2025-11-02,East Region,shipping_query,13
2025-11-02,East Region,return_request,14
2025-11-02,East Region,other,41
2025-11-02,North Region,checkout_error,6
2025-11-02,North Region,shipping_query,18
2025-11-02,North Region,return_request,13
2025-11-02,North Region,other,31
2025-11-03,East Region,checkout_error,8
2025-11-03,East Region,shipping_query,20
2025-11-03,East Region,return_request,14
2025-11-03,East Region,other,40
2025-11-03,North Region,checkout_error,8
2025-11-03,North Region,shipping_query,19
2025-11-03,North Region,return_request,17
2025-11-03,North Region,other,39
2025-11-04,East Region,checkout_error,11
2025-11-04,East Region,shipping_query,25
2025-11-04,East Region,return_request,15
2025-11-04,East Region,other,36
2025-11-04,North Region,checkout_error,8
2025-11-04,North Region,shipping_query,23
2025-11-04,North Region,return_request,11
2025-11-04,North Region,other,30
2025-11-05,East Region,checkout_error,5
2025-11-05,East Region,shipping_query,20
2025-11-05,East Region,return_request,17
2025-11-05,East Region,other,38
2025-11-05,North Region,checkout_error,8
2025-11-05,North Region,shipping_query,20
2025-11-05,North Region,return_request,10
2025-11-05,North Region,other,30
2025-11-06,East Region,checkout_error,7
2025-11-06,East Region,shipping_query,27
2025-11-06,East Region,return_request,20
2025-11-06,East Region,other,33
2025-11-06,North Region,checkout_error,5
2025-11-06,North Region,shipping_query,20
2025-11-06,North Region,return_request,13
2025-11-06,North Region,other,34
2025-11-07,East Region,checkout_error,7
2025-11-07,East Region,shipping_query,27
2025-11-07,East Region,return_request,11
2025-11-07,East Region,other,33
2025-11-07,North Region,checkout_error,9
2025-11-07,North Region,shipping_query,20
2025-11-07,North Region,return_request,8
2025-11-07,North Region,other,36
2025-11-08,East Region,checkout_error,7
2025-11-08,East Region,shipping_query,16
2025-11-08,East Region,return_request,11
2025-11-08,East Region,other,42
2025-11-08,North Region,checkout_error,7
2025-11-08,North Region,shipping_query,30
2025-11-08,North Region,return_request,18
2025-11-08,North Region,other,31
2025-11-09,East Region,checkout_error,7
2025-11-09,East Region,shipping_query,19
2025-11-09,East Region,return_request,10
2025-11-09,East Region,other,37
2025-11-09,North Region,checkout_error,8
2025-11-09,North Region,shipping_query,24
2025-11-09,North Region,return_request,15
2025-11-09,North Region,other,42
2025-11-10,East Region,checkout_error,7
2025-11-10,East Region,shipping_query,29
2025-11-10,East Region,return_request,12
2025-11-10,East Region,other,36
2025-11-10,North Region,checkout_error,8
2025-11-10,North Region,shipping_query,25
2025-11-10,North Region,return_request,15
2025-11-10,North Region,other,37
2025-11-11,East Region,checkout_error,6
2025-11-11,East Region,shipping_query,22
2025-11-11,East Region,return_request,13
2025-11-11,East Region,other,36
2025-11-11,North Region,checkout_error,7
2025-11-11,North Region,shipping_query,22
2025-11-11,North Region,return_request,16
2025-11-11,North Region,other,33
2025-11-12,East Region,checkout_error,9
2025-11-12,East Region,shipping_query,16
2025-11-12,East Region,return_request,15
2025-11-12,East Region,other,41
2025-11-12,North Region,checkout_error,9
2025-11-12,North Region,shipping_query,23
2025-11-12,North Region,return_request,17
2025-11-12,North Region,other,37
2025-11-13,East Region,checkout_error,7
2025-11-13,East Region,shipping_query,16
2025-11-13,East Region,return_request,14
2025-11-13,East Region,other,36
2025-11-13,North Region,checkout_error,3
2025-11-13,North Region,shipping_query,19
2025-11-13,North Region,return_request,10
2025-11-13,North Region,other,32
2025-11-14,East Region,checkout_error,6
2025-11-14,East Region,shipping_query,25
2025-11-14,East Region,return_request,9
2025-11-14,East Region,other,27
2025-11-14,North Region,checkout_error,7
2025-11-14,North Region,shipping_query,16
2025-11-14,North Region,return_request,15
2025-11-14,North Region,other,30
2025-11-15,East Region,checkout_error,7
2025-11-15,East Region,shipping_query,18
2025-11-15,East Region,return_request,13
2025-11-15,East Region,other,42
2025-11-15,North Region,checkout_error,3
2025-11-15,North Region,shipping_query,17
2025-11-15,North Region,return_request,11
2025-11-15,North Region,other,39
2025-11-16,East Region,checkout_error,8
2025-11-16,East Region,shipping_query,25
2025-11-16,East Region,return_request,13
2025-11-16,East Region,other,37
2025-11-16,North Region,checkout_error,7
2025-11-16,North Region,shipping_query,16
2025-11-16,North Region,return_request,8
2025-11-16,North Region,other,31
2025-11-17,East Region,checkout_error,7
2025-11-17,East Region,shipping_query,20
2025-11-17,East Region,return_request,11
2025-11-17,East Region,other,23
2025-11-17,North Region,checkout_error,5
2025-11-17,North Region,shipping_query,10
2025-11-17,North Region,return_request,14
2025-11-17,North Region,other,33
2025-11-18,East Region,checkout_error,5
2025-11-18,East Region,shipping_query,26
2025-11-18,East Region,return_request,11
2025-11-18,East Region,other,33
2025-11-18,North Region,checkout_error,6
2025-11-18,North Region,shipping_query,28
2025-11-18,North Region,return_request,13
2025-11-18,North Region,other,30
2025-11-19,East Region,checkout_error,5
2025-11-19,East Region,shipping_query,18
2025-11-19,East Region,return_request,15
2025-11-19,East Region,other,33
2025-11-19,North Region,checkout_error,12
2025-11-19,North Region,shipping_query,13
2025-11-19,North Region,return_request,17
2025-11-19,North Region,other,36
2025-11-20,East Region,checkout_error,4
2025-11-20,East Region,shipping_query,22
2025-11-20,East Region,return_request,13
2025-11-20,East Region,other,34
2025-11-20,North Region,checkout_error,8
2025-11-20,North Region,shipping_query,20
2025-11-20,North Region,return_request,13
2025-11-20,North Region,other,22
2025-11-21,East Region,checkout_error,4
2025-11-21,East Region,shipping_query,20
2025-11-21,East Region,return_request,12
2025-11-21,East Region,other,33
2025-11-21,North Region,checkout_error,8
2025-11-21,North Region,shipping_query,21
2025-11-21,North Region,return_request,12
2025-11-21,North Region,other,30
2025-11-22,East Region,checkout_error,10
2025-11-22,East Region,shipping_query,26
2025-11-22,East Region,return_request,14
2025-11-22,East Region,other,28
2025-11-22,North Region,checkout_error,11
2025-11-22,North Region,shipping_query,20
2025-11-22,North Region,return_request,16
2025-11-22,North Region,other,34
2025-11-23,East Region,checkout_error,6
2025-11-23,East Region,shipping_query,16
2025-11-23,East Region,return_request,21
2025-11-23,East Region,other,31
2025-11-23,North Region,checkout_error,8
2025-11-23,North Region,shipping_query,28
2025-11-23,North Region,return_request,12
2025-11-23,North Region,other,38
2025-11-24,East Region,checkout_error,8
2025-11-24,East Region,shipping_query,17
2025-11-24,East Region,return_request,15
2025-11-24,East Region,other,46
2025-11-24,North Region,checkout_error,7
2025-11-24,North Region,shipping_query,22
2025-11-24,North Region,return_request,17
2025-11-24,North Region,other,29
2025-11-25,East Region,checkout_error,10
2025-11-25,East Region,shipping_query,22
2025-11-25,East Region,return_request,15
2025-11-25,East Region,other,29
2025-11-25,North Region,checkout_error,8
2025-11-25,North Region,shipping_query,22
2025-11-25,North Region,return_request,10
2025-11-25,North Region,other,30
2025-11-26,East Region,checkout_error,10
2025-11-26,East Region,shipping_query,28
2025-11-26,East Region,return_request,17
2025-11-26,East Region,other,41
2025-11-26,North Region,checkout_error,8
2025-11-26,North Region,shipping_query,21
2025-11-26,North Region,return_request,12
2025-11-26,North Region,other,35
2025-11-27,East Region,checkout_error,10
2025-11-27,East Region,shipping_query,23
2025-11-27,East Region,return_request,16
2025-11-27,East Region,other,32
2025-11-27,North Region,checkout_error,8
2025-11-27,North Region,shipping_query,24
2025-11-27,North Region,return_request,11
2025-11-27,North Region,other,42
2025-11-28,East Region,checkout_error,8
2025-11-28,East Region,shipping_query,19
2025-11-28,East Region,return_request,14
2025-11-28,East Region,other,34
2025-11-28,North Region,checkout_error,5
2025-11-28,North Region,shipping_query,17
2025-11-28,North Region,return_request,16
2025-11-28,North Region,other,32
2025-11-29,East Region,checkout_error,4
2025-11-29,East Region,shipping_query,23
2025-11-29,East Region,return_request,18
2025-11-29,East Region,other,28
2025-11-29,North Region,checkout_error,8
2025-11-29,North Region,shipping_query,19
2025-11-29,North Region,return_request,12
2025-11-29,North Region,other,39
2025-11-30,East Region,checkout_error,4
2025-11-30,East Region,shipping_query,20
2025-11-30,East Region,return_request,16
2025-11-30,East Region,other,35
2025-11-30,North Region,checkout_error,9
2025-11-30,North Region,shipping_query,17
2025-11-30,North Region,return_request,22
2025-11-30,North Region,other,42
2025-12-01,East Region,checkout_error,3
2025-12-01,East Region,shipping_query,16
2025-12-01,East Region,return_request,15
2025-12-01,East Region,other,30
2025-12-01,North Region,checkout_error,7
2025-12-01,North Region,shipping_query,17
2025-12-01,North Region,return_request,12
2025-12-01,North Region,other,32
2025-12-02,East Region,checkout_error,6
2025-12-02,East Region,shipping_query,23
2025-12-02,East Region,return_request,10
2025-12-02,East Region,other,29
2025-12-02,North Region,checkout_error,4
2025-12-02,North Region,shipping_query,25
2025-12-02,North Region,return_request,16
2025-12-02,North Region,other,33
2025-12-03,East Region,checkout_error,9
2025-12-03,East Region,shipping_query,19
2025-12-03,East Region,return_request,19
2025-12-03,East Region,other,22
2025-12-03,North Region,checkout_error,8
2025-12-03,North Region,shipping_query,22
2025-12-03,North Region,return_request,23
2025-12-03,North Region,other,36
2025-12-04,East Region,checkout_error,6
2025-12-04,East Region,shipping_query,22
2025-12-04,East Region,return_request,12
2025-12-04,East Region,other,42
2025-12-04,North Region,checkout_error,9
2025-12-04,North Region,shipping_query,16
2025-12-04,North Region,return_request,12
2025-12-04,North Region,other,32
2025-12-05,East Region,checkout_error,9
2025-12-05,East Region,shipping_query,19
2025-12-05,East Region,return_request,15
2025-12-05,East Region,other,34
2025-12-05,North Region,checkout_error,8
2025-12-05,North Region,shipping_query,20
2025-12-05,North Region,return_request,14
2025-12-05,North Region,other,28
2025-12-06,East Region,checkout_error,6
2025-12-06,East Region,shipping_query,20
2025-12-06,East Region,return_request,8
2025-12-06,East Region,other,40
2025-12-06,North Region,checkout_error,4
2025-12-06,North Region,shipping_query,28
2025-12-06,North Region,return_request,18
2025-12-06,North Region,other,29
2025-12-07,East Region,checkout_error,8
2025-12-07,East Region,shipping_query,23
2025-12-07,East Region,return_request,9
2025-12-07,East Region,other,42
2025-12-07,North Region,checkout_error,10
2025-12-07,North Region,shipping_query,26
2025-12-07,North Region,return_request,15
2025-12-07,North Region,other,34
2025-12-08,East Region,checkout_error,8
2025-12-08,East Region,shipping_query,18
2025-12-08,East Region,return_request,12
2025-12-08,East Region,other,35
2025-12-08,North Region,checkout_error,6
2025-12-08,North Region,shipping_query,16
2025-12-08,North Region,return_request,9
2025-12-08,North Region,other,41
2025-12-09,East Region,checkout_error,5
2025-12-09,East Region,shipping_query,15
2025-12-09,East Region,return_request,11
2025-12-09,East Region,other,23
2025-12-09,North Region,checkout_error,9
2025-12-09,North Region,shipping_query,24
2025-12-09,North Region,return_request,10
2025-12-09,North Region,other,43
2025-12-10,East Region,checkout_error,6
2025-12-10,East Region,shipping_query,23
2025-12-10,East Region,return_request,16
2025-12-10,East Region,other,29
2025-12-10,North Region,checkout_error,7
2025-12-10,North Region,shipping_query,21
2025-12-10,North Region,return_request,12
2025-12-10,North Region,other,37
2025-12-11,East Region,checkout_error,8
2025-12-11,East Region,shipping_query,28
2025-12-11,East Region,return_request,12
2025-12-11,East Region,other,25
2025-12-11,North Region,checkout_error,5
2025-12-11,North Region,shipping_query,18
2025-12-11,North Region,return_request,15
2025-12-11,North Region,other,42
2025-12-12,East Region,checkout_error,6
2025-12-12,East Region,shipping_query,15
2025-12-12,East Region,return_request,13
2025-12-12,East Region,other,28
2025-12-12,North Region,checkout_error,8
2025-12-12,North Region,shipping_query,19
2025-12-12,North Region,return_request,12
2025-12-12,North Region,other,34
2025-12-13,East Region,checkout_error,7
2025-12-13,East Region,shipping_query,19
2025-12-13,East Region,return_request,14
2025-12-13,East Region,other,32
2025-12-13,North Region,checkout_error,6
2025-12-13,North Region,shipping_query,21
2025-12-13,North Region,return_request,14
2025-12-13,North Region,other,39
2025-12-14,East Region,checkout_error,3
2025-12-14,East Region,shipping_query,20
2025-12-14,East Region,return_request,13
2025-12-14,East Region,other,37
2025-12-14,North Region,checkout_error,7
2025-12-14,North Region,shipping_query,18
2025-12-14,North Region,return_request,14
2025-12-14,North Region,other,31
2025-12-15,East Region,checkout_error,3
2025-12-15,East Region,shipping_query,20
2025-12-15,East Region,return_request,12
2025-12-15,East Region,other,29
2025-12-15,North Region,checkout_error,7
2025-12-15,North Region,shipping_query,23
2025-12-15,North Region,return_request,9
2025-12-15,North Region,other,35
2025-12-16,East Region,checkout_error,6
2025-12-16,East Region,shipping_query,21
2025-12-16,East Region,return_request,9
2025-12-16,East Region,other,33
2025-12-16,North Region,checkout_error,8
2025-12-16,North Region,shipping_query,27
2025-12-16,North Region,return_request,14
2025-12-16,North Region,other,39
2025-12-17,East Region,checkout_error,10
2025-12-17,East Region,shipping_query,24
2025-12-17,East Region,return_request,10
2025-12-17,East Region,other,39
2025-12-17,North Region,checkout_error,8
2025-12-17,North Region,shipping_query,20
2025-12-17,North Region,return_request,17
2025-12-17,North Region,other,29
2025-12-18,East Region,checkout_error,7
2025-12-18,East Region,shipping_query,27
2025-12-18,East Region,return_request,15
2025-12-18,East Region,other,35
2025-12-18,North Region,checkout_error,4
2025-12-18,North Region,shipping_query,26
2025-12-18,North Region,return_request,13
2025-12-18,North Region,other,34
2025-12-19,East Region,checkout_error,6
2025-12-19,East Region,shipping_query,20
2025-12-19,East Region,return_request,15
2025-12-19,East Region,other,38
2025-12-19,North Region,checkout_error,10
2025-12-19,North Region,shipping_query,25
2025-12-19,North Region,return_request,12
2025-12-19,North Region,other,29
2025-12-20,East Region,checkout_error,7
2025-12-20,East Region,shipping_query,17
2025-12-20,East Region,return_request,13
2025-12-20,East Region,other,45
2025-12-20,North Region,checkout_error,8
2025-12-20,North Region,shipping_query,15
2025-12-20,North Region,return_request,14
2025-12-20,North Region,other,29
2025-12-21,East Region,checkout_error,11
2025-12-21,East Region,shipping_query,26
2025-12-21,East Region,return_request,14
2025-12-21,East Region,other,34
2025-12-21,North Region,checkout_error,7
2025-12-21,North Region,shipping_query,18
2025-12-21,North Region,return_request,13
2025-12-21,North Region,other,35
2025-12-22,East Region,checkout_error,7
2025-12-22,East Region,shipping_query,17
2025-12-22,East Region,return_request,16
2025-12-22,East Region,other,41
2025-12-22,North Region,checkout_error,4
2025-12-22,North Region,shipping_query,21
2025-12-22,North Region,return_request,14
2025-12-22,North Region,other,40
2025-12-23,East Region,checkout_error,8
2025-12-23,East Region,shipping_query,20
2025-12-23,East Region,return_request,17
2025-12-23,East Region,other,36
2025-12-23,North Region,checkout_error,5
2025-12-23,North Region,shipping_query,22
2025-12-23,North Region,return_request,10
2025-12-23,North Region,other,34
2025-12-24,East Region,checkout_error,6
2025-12-24,East Region,shipping_query,22
2025-12-24,East Region,return_request,11
2025-12-24,East Region,other,50
2025-12-24,North Region,checkout_error,9
2025-12-24,North Region,shipping_query,14
2025-12-24,North Region,return_request,13
2025-12-24,North Region,other,34
2025-12-25,East Region,checkout_error,8
2025-12-25,East Region,shipping_query,11
2025-12-25,East Region,return_request,15
2025-12-25,East Region,other,38
2025-12-25,North Region,checkout_error,7
2025-12-25,North Region,shipping_query,23
2025-12-25,North Region,return_request,18
2025-12-25,North Region,other,40
2025-12-26,East Region,checkout_error,8
2025-12-26,East Region,shipping_query,24
2025-12-26,East Region,return_request,10
2025-12-26,East Region,other,35
2025-12-26,North Region,checkout_error,7
2025-12-26,North Region,shipping_query,20
2025-12-26,North Region,return_request,16
2025-12-26,North Region,other,36
2025-12-27,East Region,checkout_error,6
2025-12-27,East Region,shipping_query,22
2025-12-27,East Region,return_request,15
2025-12-27,East Region,other,36
2025-12-27,North Region,checkout_error,10
2025-12-27,North Region,shipping_query,23
2025-12-27,North Region,return_request,13
2025-12-27,North Region,other,28
2025-12-28,East Region,checkout_error,9
2025-12-28,East Region,shipping_query,22
2025-12-28,East Region,return_request,12
2025-12-28,East Region,other,36
2025-12-28,North Region,checkout_error,7
2025-12-28,North Region,shipping_query,18
2025-12-28,North Region,return_request,14
2025-12-28,North Region,other,32
2025-12-29,East Region,checkout_error,7
2025-12-29,East Region,shipping_query,23
2025-12-29,East Region,return_request,16
2025-12-29,East Region,other,38
2025-12-29,North Region,checkout_error,5
2025-12-29,North Region,shipping_query,20
2025-12-29,North Region,return_request,12
2025-12-29,North Region,other,21
2025-12-30,East Region,checkout_error,7
2025-12-30,East Region,shipping_query,18
2025-12-30,East Region,return_request,13
2025-12-30,East Region,other,32
2025-12-30,North Region,checkout_error,9
2025-12-30,North Region,shipping_query,17
2025-12-30,North Region,return_request,14
2025-12-30,North Region,other,31
2025-12-31,East Region,checkout_error,9
2025-12-31,East Region,shipping_query,22
2025-12-31,East Region,return_request,14
2025-12-31,East Region,other,46
2025-12-31,North Region,checkout_error,10
2025-12-31,North Region,shipping_query,23
2025-12-31,North Region,return_request,17
2025-12-31,North Region,other,31
2026-01-01,East Region,checkout_error,8
2026-01-01,East Region,shipping_query,25
2026-01-01,East Region,return_request,11
2026-01-01,East Region,other,39
2026-01-01,North Region,checkout_error,5
2026-01-01,North Region,shipping_query,28
2026-01-01,North Region,return_request,15
2026-01-01,North Region,other,31
2026-01-02,East Region,checkout_error,7
2026-01-02,East Region,shipping_query,18
2026-01-02,East Region,return_request,13
2026-01-02,East Region,other,35
2026-01-02,North Region,checkout_error,7
2026-01-02,North Region,shipping_query,22
2026-01-02,North Region,return_request,15
2026-01-02,North Region,other,21
2026-01-03,East Region,checkout_error,9
2026-01-03,East Region,shipping_query,18
2026-01-03,East Region,return_request,14
2026-01-03,East Region,other,30
2026-01-03,North Region,checkout_error,9
2026-01-03,North Region,shipping_query,21
2026-01-03,North Region,return_request,12
2026-01-03,North Region,other,30
2026-01-04,East Region,checkout_error,4
2026-01-04,East Region,shipping_query,22
2026-01-04,East Region,return_request,10
2026-01-04,East Region,other,32
2026-01-04,North Region,checkout_error,8
2026-01-04,North Region,shipping_query,23
2026-01-04,North Region,return_request,17
2026-01-04,North Region,other,38
2026-01-05,East Region,checkout_error,12
2026-01-05,East Region,shipping_query,19
2026-01-05,East Region,return_request,14
2026-01-05,East Region,other,39
2026-01-05,North Region,checkout_error,9
2026-01-05,North Region,shipping_query,17
2026-01-05,North Region,return_request,13
2026-01-05,North Region,other,27
2026-01-06,East Region,checkout_error,6
2026-01-06,East Region,shipping_query,22
2026-01-06,East Region,return_request,10
2026-01-06,East Region,other,33
2026-01-06,North Region,checkout_error,11
2026-01-06,North Region,shipping_query,22
2026-01-06,North Region,return_request,10
2026-01-06,North Region,other,39
2026-01-07,East Region,checkout_error,7
2026-01-07,East Region,shipping_query,21
2026-01-07,East Region,return_request,12
2026-01-07,East Region,other,44
2026-01-07,North Region,checkout_error,9
2026-01-07,North Region,shipping_query,13
2026-01-07,North Region,return_request,10
2026-01-07,North Region,other,32
2026-01-08,East Region,checkout_error,7
2026-01-08,East Region,shipping_query,18
2026-01-08,East Region,return_request,17
2026-01-08,East Region,other,22
2026-01-08,North Region,checkout_error,8
2026-01-08,North Region,shipping_query,22
2026-01-08,North Region,return_request,8
2026-01-08,North Region,other,32
2026-01-09,East Region,checkout_error,9
2026-01-09,East Region,shipping_query,22
2026-01-09,East Region,return_request,13
2026-01-09,East Region,other,34
2026-01-09,North Region,checkout_error,7
2026-01-09,North Region,shipping_query,25
2026-01-09,North Region,return_request,12
2026-01-09,North Region,other,33
2026-01-10,East Region,checkout_error,7
2026-01-10,East Region,shipping_query,25
2026-01-10,East Region,return_request,13
2026-01-10,East Region,other,31
2026-01-10,North Region,checkout_error,11
2026-01-10,North Region,shipping_query,20
2026-01-10,North Region,return_request,16
2026-01-10,North Region,other,30
2026-01-11,East Region,checkout_error,4
2026-01-11,East Region,shipping_query,22
2026-01-11,East Region,return_request,14
2026-01-11,East Region,other,38
2026-01-11,North Region,checkout_error,11
2026-01-11,North Region,shipping_query,23
2026-01-11,North Region,return_request,6
2026-01-11,North Region,other,36
2026-01-12,East Region,checkout_error,7
2026-01-12,East Region,shipping_query,23
2026-01-12,East Region,return_request,15
2026-01-12,East Region,other,29
2026-01-12,North Region,checkout_error,8
2026-01-12,North Region,shipping_query,22
2026-01-12,North Region,return_request,12
2026-01-12,North Region,other,34
2026-01-13,East Region,checkout_error,7
2026-01-13,East Region,shipping_query,23
2026-01-13,East Region,return_request,15
2026-01-13,East Region,other,43
2026-01-13,North Region,checkout_error,7
2026-01-13,North Region,shipping_query,20
2026-01-13,North Region,return_request,10
2026-01-13,North Region,other,39
2026-01-14,East Region,checkout_error,5
2026-01-14,East Region,shipping_query,21
2026-01-14,East Region,return_request,13
2026-01-14,East Region,other,25
2026-01-14,North Region,checkout_error,7
2026-01-14,North Region,shipping_query,17
2026-01-14,North Region,return_request,18
2026-01-14,North Region,other,36
2026-01-15,East Region,checkout_error,6
2026-01-15,East Region,shipping_query,29
2026-01-15,East Region,return_request,14
2026-01-15,East Region,other,39
2026-01-15,North Region,checkout_error,7
2026-01-15,North Region,shipping_query,20
2026-01-15,North Region,return_request,16
2026-01-15,North Region,other,29
2026-01-16,East Region,checkout_error,9
2026-01-16,East Region,shipping_query,17
2026-01-16,East Region,return_request,13
2026-01-16,East Region,other,33
2026-01-16,North Region,checkout_error,9
2026-01-16,North Region,shipping_query,27
2026-01-16,North Region,return_request,13
2026-01-16,North Region,other,22
2026-01-17,East Region,checkout_error,6
2026-01-17,East Region,shipping_query,18
2026-01-17,East Region,return_request,11
2026-01-17,East Region,other,30
2026-01-17,North Region,checkout_error,11
2026-01-17,North Region,shipping_query,25
2026-01-17,North Region,return_request,17
2026-01-17,North Region,other,29
2026-01-18,East Region,checkout_error,6
2026-01-18,East Region,shipping_query,21
2026-01-18,East Region,return_request,14
2026-01-18,East Region,other,33
2026-01-18,North Region,checkout_error,6
2026-01-18,North Region,shipping_query,22
2026-01-18,North Region,return_request,14
2026-01-18,North Region,other,35
2026-01-19,East Region,checkout_error,6
2026-01-19,East Region,shipping_query,29
2026-01-19,East Region,return_request,10
2026-01-19,East Region,other,45
2026-01-19,North Region,checkout_error,6
2026-01-19,North Region,shipping_query,17
2026-01-19,North Region,return_request,9
2026-01-19,North Region,other,34
2026-01-20,East Region,checkout_error,5
2026-01-20,East Region,shipping_query,27
2026-01-20,East Region,return_request,19
2026-01-20,East Region,other,33
2026-01-20,North Region,checkout_error,9
2026-01-20,North Region,shipping_query,20
2026-01-20,North Region,return_request,15
2026-01-20,North Region,other,33
2026-01-21,East Region,checkout_error,8
2026-01-21,East Region,shipping_query,23
2026-01-21,East Region,return_request,14
2026-01-21,East Region,other,33
2026-01-21,North Region,checkout_error,6
2026-01-21,North Region,shipping_query,23
2026-01-21,North Region,return_request,14
2026-01-21,North Region,other,34
2026-01-22,East Region,checkout_error,7
2026-01-22,East Region,shipping_query,28
2026-01-22,East Region,return_request,13
2026-01-22,East Region,other,33
2026-01-22,North Region,checkout_error,6
2026-01-22,North Region,shipping_query,24
2026-01-22,North Region,return_request,13
2026-01-22,North Region,other,35
2026-01-23,East Region,checkout_error,8
2026-01-23,East Region,shipping_query,21
2026-01-23,East Region,return_request,15
2026-01-23,East Region,other,28
2026-01-23,North Region,checkout_error,8
2026-01-23,North Region,shipping_query,28
2026-01-23,North Region,return_request,15
2026-01-23,North Region,other,30
2026-01-24,East Region,checkout_error,12
2026-01-24,East Region,shipping_query,26
2026-01-24,East Region,return_request,16
2026-01-24,East Region,other,35
2026-01-24,North Region,checkout_error,7
2026-01-24,North Region,shipping_query,20
2026-01-24,North Region,return_request,17
2026-01-24,North Region,other,34
2026-01-25,East Region,checkout_error,6
2026-01-25,East Region,shipping_query,22
2026-01-25,East Region,return_request,12
2026-01-25,East Region,other,31
2026-01-25,North Region,checkout_error,6
2026-01-25,North Region,shipping_query,22
2026-01-25,North Region,return_request,16
2026-01-25,North Region,other,36
2026-01-26,East Region,checkout_error,6
2026-01-26,East Region,shipping_query,25
2026-01-26,East Region,return_request,14
2026-01-26,East Region,other,37
2026-01-26,North Region,checkout_error,9
2026-01-26,North Region,shipping_query,16
2026-01-26,North Region,return_request,12
2026-01-26,North Region,other,41
2026-01-27,East Region,checkout_error,8
2026-01-27,East Region,shipping_query,22
2026-01-27,East Region,return_request,13
2026-01-27,East Region,other,31
2026-01-27,North Region,checkout_error,8
2026-01-27,North Region,shipping_query,26
2026-01-27,North Region,return_request,17
2026-01-27,North Region,other,40
2026-01-28,East Region,checkout_error,7
2026-01-28,East Region,shipping_query,19
2026-01-28,East Region,return_request,8
2026-01-28,East Region,other,39
2026-01-28,North Region,checkout_error,9
2026-01-28,North Region,shipping_query,22
2026-01-28,North Region,return_request,19
2026-01-28,North Region,other,35
2026-01-29,East Region,checkout_error,2
2026-01-29,East Region,shipping_query,19
2026-01-29,East Region,return_request,16
2026-01-29,East Region,other,36
2026-01-29,North Region,checkout_error,8
2026-01-29,North Region,shipping_query,21
2026-01-29,North Region,return_request,13
2026-01-29,North Region,other,30
2026-01-30,East Region,checkout_error,7
2026-01-30,East Region,shipping_query,21
2026-01-30,East Region,return_request,17
2026-01-30,East Region,other,35
2026-01-30,North Region,checkout_error,10
2026-01-30,North Region,shipping_query,18
2026-01-30,North Region,return_request,15
2026-01-30,North Region,other,36
2026-01-31,East Region,checkout_error,9
2026-01-31,East Region,shipping_query,23
2026-01-31,East Region,return_request,11
2026-01-31,East Region,other,34
2026-01-31,North Region,checkout_error,10
2026-01-31,North Region,shipping_query,18
2026-01-31,North Region,return_request,16
2026-01-31,North Region,other,29
2026-02-01,East Region,checkout_error,8
2026-02-01,East Region,shipping_query,22
2026-02-01,East Region,return_request,13
2026-02-01,East Region,other,47
2026-02-01,North Region,checkout_error,8
2026-02-01,North Region,shipping_query,20
2026-02-01,North Region,return_request,17
2026-02-01,North Region,other,32
2026-02-02,East Region,checkout_error,5
2026-02-02,East Region,shipping_query,19
2026-02-02,East Region,return_request,12
2026-02-02,East Region,other,29
2026-02-02,North Region,checkout_error,5
2026-02-02,North Region,shipping_query,18
2026-02-02,North Region,return_request,10
2026-02-02,North Region,other,40
2026-02-03,East Region,checkout_error,9
2026-02-03,East Region,shipping_query,22
2026-02-03,East Region,return_request,15
2026-02-03,East Region,other,41
2026-02-03,North Region,checkout_error,11
2026-02-03,North Region,shipping_query,20
2026-02-03,North Region,return_request,12
2026-02-03,North Region,other,39
2026-02-04,East Region,checkout_error,8
2026-02-04,East Region,shipping_query,21
2026-02-04,East Region,return_request,14
2026-02-04,East Region,other,30
2026-02-04,North Region,checkout_error,5
2026-02-04,North Region,shipping_query,30
2026-02-04,North Region,return_request,12
2026-02-04,North Region,other,37
2026-02-05,East Region,checkout_error,10
2026-02-05,East Region,shipping_query,22
2026-02-05,East Region,return_request,14
2026-02-05,East Region,other,36
2026-02-05,North Region,checkout_error,8
2026-02-05,North Region,shipping_query,23
2026-02-05,North Region,return_request,9
2026-02-05,North Region,other,32
2026-02-06,East Region,checkout_error,4
2026-02-06,East Region,shipping_query,19
2026-02-06,East Region,return_request,10
2026-02-06,East Region,other,24
2026-02-06,North Region,checkout_error,3
2026-02-06,North Region,shipping_query,20
2026-02-06,North Region,return_request,15
2026-02-06,North Region,other,23
2026-02-07,East Region,checkout_error,6
2026-02-07,East Region,shipping_query,20
2026-02-07,East Region,return_request,12
2026-02-07,East Region,other,36
2026-02-07,North Region,checkout_error,8
2026-02-07,North Region,shipping_query,26
2026-02-07,North Region,return_request,15
2026-02-07,North Region,other,35
2026-02-08,East Region,checkout_error,9
2026-02-08,East Region,shipping_query,18
2026-02-08,East Region,return_request,12
2026-02-08,East Region,other,40
2026-02-08,North Region,checkout_error,6
2026-02-08,North Region,shipping_query,21
2026-02-08,North Region,return_request,10
2026-02-08,North Region,other,47
2026-02-09,East Region,checkout_error,12
2026-02-09,East Region,shipping_query,20
2026-02-09,East Region,return_request,17
2026-02-09,East Region,other,51
2026-02-09,North Region,checkout_error,7
2026-02-09,North Region,shipping_query,25
2026-02-09,North Region,return_request,12
2026-02-09,North Region,other,32
2026-02-10,East Region,checkout_error,8
2026-02-10,East Region,shipping_query,15
2026-02-10,East Region,return_request,14
2026-02-10,East Region,other,34
2026-02-10,North Region,checkout_error,10
2026-02-10,North Region,shipping_query,22
2026-02-10,North Region,return_request,10
2026-02-10,North Region,other,29
2026-02-11,East Region,checkout_error,11
2026-02-11,East Region,shipping_query,25
2026-02-11,East Region,return_request,14
2026-02-11,East Region,other,30
2026-02-11,North Region,checkout_error,8
2026-02-11,North Region,shipping_query,29
2026-02-11,North Region,return_request,8
2026-02-11,North Region,other,33
2026-02-12,East Region,checkout_error,5
2026-02-12,East Region,shipping_query,21
2026-02-12,East Region,return_request,11
2026-02-12,East Region,other,34
2026-02-12,North Region,checkout_error,3
2026-02-12,North Region,shipping_query,21
2026-02-12,North Region,return_request,14
2026-02-12,North Region,other,34
2026-02-13,East Region,checkout_error,5
2026-02-13,East Region,shipping_query,23
2026-02-13,East Region,return_request,13
2026-02-13,East Region,other,29
2026-02-13,North Region,checkout_error,8
2026-02-13,North Region,shipping_query,20
2026-02-13,North Region,return_request,12
2026-02-13,North Region,other,33
2026-02-14,East Region,checkout_error,8
2026-02-14,East Region,shipping_query,17
2026-02-14,East Region,return_request,11
2026-02-14,East Region,other,36
2026-02-14,North Region,checkout_error,5
2026-02-14,North Region,shipping_query,19
2026-02-14,North Region,return_request,7
2026-02-14,North Region,other,31
2026-02-15,East Region,checkout_error,4
2026-02-15,East Region,shipping_query,25
2026-02-15,East Region,return_request,13
2026-02-15,East Region,other,35
2026-02-15,North Region,checkout_error,8
2026-02-15,North Region,shipping_query,20
2026-02-15,North Region,return_request,14
2026-02-15,North Region,other,22
2026-02-16,East Region,checkout_error,8
2026-02-16,East Region,shipping_query,27
2026-02-16,East Region,return_request,15
2026-02-16,East Region,other,29
2026-02-16,North Region,checkout_error,7
2026-02-16,North Region,shipping_query,22
2026-02-16,North Region,return_request,11
2026-02-16,North Region,other,32
2026-02-17,East Region,checkout_error,4
2026-02-17,East Region,shipping_query,25
2026-02-17,East Region,return_request,10
2026-02-17,East Region,other,37
2026-02-17,North Region,checkout_error,8
2026-02-17,North Region,shipping_query,23
2026-02-17,North Region,return_request,14
2026-02-17,North Region,other,43
2026-02-18,East Region,checkout_error,6
2026-02-18,East Region,shipping_query,22
2026-02-18,East Region,return_request,8
2026-02-18,East Region,other,40
2026-02-18,North Region,checkout_error,7
2026-02-18,North Region,shipping_query,23
2026-02-18,North Region,return_request,15
2026-02-18,North Region,other,26
2026-02-19,East Region,checkout_error,7
2026-02-19,East Region,shipping_query,12
2026-02-19,East Region,return_request,13
2026-02-19,East Region,other,35
2026-02-19,North Region,checkout_error,9
2026-02-19,North Region,shipping_query,23
2026-02-19,North Region,return_request,12
2026-02-19,North Region,other,40
2026-02-20,East Region,checkout_error,9
2026-02-20,East Region,shipping_query,21
2026-02-20,East Region,return_request,13
2026-02-20,East Region,other,38
2026-02-20,North Region,checkout_error,6
2026-02-20,North Region,shipping_query,26
2026-02-20,North Region,return_request,15
2026-02-20,North Region,other,29
2026-02-21,East Region,checkout_error,4
2026-02-21,East Region,shipping_query,22
2026-02-21,East Region,return_request,20
2026-02-21,East Region,other,38
2026-02-21,North Region,checkout_error,8
2026-02-21,North Region,shipping_query,19
2026-02-21,North Region,return_request,12
2026-02-21,North Region,other,46
2026-02-22,East Region,checkout_error,6
2026-02-22,East Region,shipping_query,19
2026-02-22,East Region,return_request,15
2026-02-22,East Region,other,35
2026-02-22,North Region,checkout_error,6
2026-02-22,North Region,shipping_query,18
2026-02-22,North Region,return_request,10
2026-02-22,North Region,other,27
2026-02-23,East Region,checkout_error,7
2026-02-23,East Region,shipping_query,28
2026-02-23,East Region,return_request,12
2026-02-23,East Region,other,29
2026-02-23,North Region,checkout_error,7
2026-02-23,North Region,shipping_query,16
2026-02-23,North Region,return_request,14
2026-02-23,North Region,other,38
2026-02-24,East Region,checkout_error,9
2026-02-24,East Region,shipping_query,26
2026-02-24,East Region,return_request,15
2026-02-24,East Region,other,27
2026-02-24,North Region,checkout_error,7
2026-02-24,North Region,shipping_query,28
2026-02-24,North Region,return_request,19
2026-02-24,North Region,other,37
2026-02-25,East Region,checkout_error,10
2026-02-25,East Region,shipping_query,20
2026-02-25,East Region,return_request,8
2026-02-25,East Region,other,34
2026-02-25,North Region,checkout_error,8
2026-02-25,North Region,shipping_query,19
2026-02-25,North Region,return_request,17
2026-02-25,North Region,other,39
2026-02-26,East Region,checkout_error,5
2026-02-26,East Region,shipping_query,28
2026-02-26,East Region,return_request,8
2026-02-26,East Region,other,29
2026-02-26,North Region,checkout_error,7
2026-02-26,North Region,shipping_query,25
2026-02-26,North Region,return_request,11
2026-02-26,North Region,other,28
2026-02-27,East Region,checkout_error,7
2026-02-27,East Region,shipping_query,18
2026-02-27,East Region,return_request,18
2026-02-27,East Region,other,33
2026-02-27,North Region,checkout_error,8
2026-02-27,North Region,shipping_query,26
2026-02-27,North Region,return_request,7
2026-02-27,North Region,other,43
2026-02-28,East Region,checkout_error,4
2026-02-28,East Region,shipping_query,25
2026-02-28,East Region,return_request,11
2026-02-28,East Region,other,34
2026-02-28,North Region,checkout_error,6
2026-02-28,North Region,shipping_query,24
2026-02-28,North Region,return_request,12
2026-02-28,North Region,other,27
2026-03-01,East Region,checkout_error,6
2026-03-01,East Region,shipping_query,20
2026-03-01,East Region,return_request,10
2026-03-01,East Region,other,37
2026-03-01,North Region,checkout_error,4
2026-03-01,North Region,shipping_query,23
2026-03-01,North Region,return_request,14
2026-03-01,North Region,other,41
2026-03-02,East Region,checkout_error,4
2026-03-02,East Region,shipping_query,18
2026-03-02,East Region,return_request,15
2026-03-02,East Region,other,40
2026-03-02,North Region,checkout_error,8
2026-03-02,North Region,shipping_query,23
2026-03-02,North Region,return_request,10
2026-03-02,North Region,other,29
2026-03-03,East Region,checkout_error,6
2026-03-03,East Region,shipping_query,19
2026-03-03,East Region,return_request,21
2026-03-03,East Region,other,37
2026-03-03,North Region,checkout_error,7
2026-03-03,North Region,shipping_query,17
2026-03-03,North Region,return_request,12
2026-03-03,North Region,other,31
2026-03-04,East Region,checkout_error,7
2026-03-04,East Region,shipping_query,19
2026-03-04,East Region,return_request,17
2026-03-04,East Region,other,17
2026-03-04,North Region,checkout_error,6
2026-03-04,North Region,shipping_query,24
2026-03-04,North Region,return_request,17
2026-03-04,North Region,other,34
2026-03-05,East Region,checkout_error,7
2026-03-05,East Region,shipping_query,27
2026-03-05,East Region,return_request,16
2026-03-05,East Region,other,39
2026-03-05,North Region,checkout_error,11
2026-03-05,North Region,shipping_query,19
2026-03-05,North Region,return_request,13
2026-03-05,North Region,other,34
2026-03-06,East Region,checkout_error,7
2026-03-06,East Region,shipping_query,22
2026-03-06,East Region,return_request,12
2026-03-06,East Region,other,37
2026-03-06,North Region,checkout_error,8
2026-03-06,North Region,shipping_query,18
2026-03-06,North Region,return_request,17
2026-03-06,North Region,other,29
2026-03-07,East Region,checkout_error,6
2026-03-07,East Region,shipping_query,26
2026-03-07,East Region,return_request,14
2026-03-07,East Region,other,46
2026-03-07,North Region,checkout_error,6
2026-03-07,North Region,shipping_query,21
2026-03-07,North Region,return_request,14
2026-03-07,North Region,other,37
2026-03-08,East Region,checkout_error,8
2026-03-08,East Region,shipping_query,19
2026-03-08,East Region,return_request,16
2026-03-08,East Region,other,37
2026-03-08,North Region,checkout_error,8
2026-03-08,North Region,shipping_query,28
2026-03-08,North Region,return_request,18
2026-03-08,North Region,other,28
2026-03-09,East Region,checkout_error,9
2026-03-09,East Region,shipping_query,26
2026-03-09,East Region,return_request,18
2026-03-09,East Region,other,32
2026-03-09,North Region,checkout_error,4
2026-03-09,North Region,shipping_query,23
2026-03-09,North Region,return_request,16
2026-03-09,North Region,other,24
2026-03-10,East Region,checkout_error,7
2026-03-10,East Region,shipping_query,22
2026-03-10,East Region,return_request,14
2026-03-10,East Region,other,28
2026-03-10,North Region,checkout_error,6
2026-03-10,North Region,shipping_query,20
2026-03-10,North Region,return_request,15
2026-03-10,North Region,other,40
2026-03-11,East Region,checkout_error,10
2026-03-11,East Region,shipping_query,26
2026-03-11,East Region,return_request,13
2026-03-11,East Region,other,36
2026-03-11,North Region,checkout_error,5
2026-03-11,North Region,shipping_query,23
2026-03-11,North Region,return_request,9
2026-03-11,North Region,other,33
2026-03-12,East Region,checkout_error,11
2026-03-12,East Region,shipping_query,23
2026-03-12,East Region,return_request,17
2026-03-12,East Region,other,22
2026-03-12,North Region,checkout_error,11
2026-03-12,North Region,shipping_query,30
2026-03-12,North Region,return_request,10
2026-03-12,North Region,other,43
2026-03-13,East Region,checkout_error,7
2026-03-13,East Region,shipping_query,19
2026-03-13,East Region,return_request,19
2026-03-13,East Region,other,29
2026-03-13,North Region,checkout_error,10
2026-03-13,North Region,shipping_query,25
2026-03-13,North Region,return_request,20
2026-03-13,North Region,other,25
2026-03-14,East Region,checkout_error,8
2026-03-14,East Region,shipping_query,24
2026-03-14,East Region,return_request,10
2026-03-14,East Region,other,27
2026-03-14,North Region,checkout_error,5
2026-03-14,North Region,shipping_query,15
2026-03-14,North Region,return_request,14
2026-03-14,North Region,other,43
2026-03-15,East Region,checkout_error,7
2026-03-15,East Region,shipping_query,25
2026-03-15,East Region,return_request,15
2026-03-15,East Region,other,34
2026-03-15,North Region,checkout_error,10
2026-03-15,North Region,shipping_query,28
2026-03-15,North Region,return_request,22
2026-03-15,North Region,other,33
2026-03-16,East Region,checkout_error,7
2026-03-16,East Region,shipping_query,27
2026-03-16,East Region,return_request,12
2026-03-16,East Region,other,32
2026-03-16,North Region,checkout_error,7
2026-03-16,North Region,shipping_query,23
2026-03-16,North Region,return_request,14
2026-03-16,North Region,other,31
2026-03-17,East Region,checkout_error,7
2026-03-17,East Region,shipping_query,28
2026-03-17,East Region,return_request,16
2026-03-17,East Region,other,31
2026-03-17,North Region,checkout_error,9
2026-03-17,North Region,shipping_query,25
2026-03-17,North Region,return_request,13
2026-03-17,North Region,other,28
2026-03-18,East Region,checkout_error,9
2026-03-18,East Region,shipping_query,17
2026-03-18,East Region,return_request,8
2026-03-18,East Region,other,33
2026-03-18,North Region,checkout_error,6
2026-03-18,North Region,shipping_query,17
2026-03-18,North Region,return_request,15
2026-03-18,North Region,other,35
2026-03-19,East Region,checkout_error,5
2026-03-19,East Region,shipping_query,24
2026-03-19,East Region,return_request,10
2026-03-19,East Region,other,32
2026-03-19,North Region,checkout_error,8
2026-03-19,North Region,shipping_query,30
2026-03-19,North Region,return_request,12
2026-03-19,North Region,other,31
2026-03-20,East Region,checkout_error,8
2026-03-20,East Region,shipping_query,21
2026-03-20,East Region,return_request,17
2026-03-20,East Region,other,31
2026-03-20,North Region,checkout_error,9
2026-03-20,North Region,shipping_query,18
2026-03-20,North Region,return_request,6
2026-03-20,North Region,other,32
2026-03-21,East Region,checkout_error,11
2026-03-21,East Region,shipping_query,25
2026-03-21,East Region,return_request,12
2026-03-21,East Region,other,42
2026-03-21,North Region,checkout_error,7
2026-03-21,North Region,shipping_query,20
2026-03-21,North Region,return_request,10
2026-03-21,North Region,other,20
2026-03-22,East Region,checkout_error,6
2026-03-22,East Region,shipping_query,20
2026-03-22,East Region,return_request,11
2026-03-22,East Region,other,44
2026-03-22,North Region,checkout_error,5
2026-03-22,North Region,shipping_query,23
2026-03-22,North Region,return_request,13
2026-03-22,North Region,other,40
2026-03-23,East Region,checkout_error,6
2026-03-23,East Region,shipping_query,23
2026-03-23,East Region,return_request,18
2026-03-23,East Region,other,36
2026-03-23,North Region,checkout_error,7
2026-03-23,North Region,shipping_query,28
2026-03-23,North Region,return_request,19
2026-03-23,North Region,other,26
2026-03-24,East Region,checkout_error,5
2026-03-24,East Region,shipping_query,21
2026-03-24,East Region,return_request,16
2026-03-24,East Region,other,34
2026-03-24,North Region,checkout_error,11
2026-03-24,North Region,shipping_query,19
2026-03-24,North Region,return_request,11
2026-03-24,North Region,other,34
2026-03-25,East Region,checkout_error,9
2026-03-25,East Region,shipping_query,18
2026-03-25,East Region,return_request,14
2026-03-25,East Region,other,28
2026-03-25,North Region,checkout_error,6
2026-03-25,North Region,shipping_query,25
2026-03-25,North Region,return_request,12
2026-03-25,North Region,other,34
2026-03-26,East Region,checkout_error,6
2026-03-26,East Region,shipping_query,16
2026-03-26,East Region,return_request,13
2026-03-26,East Region,other,30
2026-03-26,North Region,checkout_error,10
2026-03-26,North Region,shipping_query,22
2026-03-26,North Region,return_request,11
2026-03-26,North Region,other,33
2026-03-27,East Region,checkout_error,5
2026-03-27,East Region,shipping_query,23
2026-03-27,East Region,return_request,14
2026-03-27,East Region,other,34
2026-03-27,North Region,checkout_error,5
2026-03-27,North Region,shipping_query,21
2026-03-27,North Region,return_request,15
2026-03-27,North Region,other,37
2026-03-28,East Region,checkout_error,9
2026-03-28,East Region,shipping_query,17
2026-03-28,East Region,return_request,11
2026-03-28,East Region,other,39
2026-03-28,North Region,checkout_error,10
2026-03-28,North Region,shipping_query,25
2026-03-28,North Region,return_request,14
2026-03-28,North Region,other,45
2026-03-29,East Region,checkout_error,11
2026-03-29,East Region,shipping_query,13
2026-03-29,East Region,return_request,15
2026-03-29,East Region,other,24
2026-03-29,North Region,checkout_error,7
2026-03-29,North Region,shipping_query,16
2026-03-29,North Region,return_request,7
2026-03-29,North Region,other,33
2026-03-30,East Region,checkout_error,9
2026-03-30,East Region,shipping_query,16
2026-03-30,East Region,return_request,14
2026-03-30,East Region,other,39
2026-03-30,North Region,checkout_error,7
2026-03-30,North Region,shipping_query,19
2026-03-30,North Region,return_request,10
2026-03-30,North Region,other,34
2026-03-31,East Region,checkout_error,7
2026-03-31,East Region,shipping_query,25
2026-03-31,East Region,return_request,11
2026-03-31,East Region,other,39
2026-03-31,North Region,checkout_error,10
2026-03-31,North Region,shipping_query,29
2026-03-31,North Region,return_request,15
2026-03-31,North Region,other,44
2026-04-01,East Region,checkout_error,9
2026-04-01,East Region,shipping_query,21
2026-04-01,East Region,return_request,18
2026-04-01,East Region,other,36
2026-04-01,North Region,checkout_error,9
2026-04-01,North Region,shipping_query,16
2026-04-01,North Region,return_request,16
2026-04-01,North Region,other,40
2026-04-02,East Region,checkout_error,8
2026-04-02,East Region,shipping_query,17
2026-04-02,East Region,return_request,11
2026-04-02,East Region,other,31
2026-04-02,North Region,checkout_error,5
2026-04-02,North Region,shipping_query,19
2026-04-02,North Region,return_request,13
2026-04-02,North Region,other,38
2026-04-03,East Region,checkout_error,5
2026-04-03,East Region,shipping_query,27
2026-04-03,East Region,return_request,13
2026-04-03,East Region,other,30
2026-04-03,North Region,checkout_error,8
2026-04-03,North Region,shipping_query,21
2026-04-03,North Region,return_request,13
2026-04-03,North Region,other,33
2026-04-04,East Region,checkout_error,9
2026-04-04,East Region,shipping_query,20
2026-04-04,East Region,return_request,16
2026-04-04,East Region,other,37
2026-04-04,North Region,checkout_error,7
2026-04-04,North Region,shipping_query,16
2026-04-04,North Region,return_request,17
2026-04-04,North Region,other,34
2026-04-05,East Region,checkout_error,6
2026-04-05,East Region,shipping_query,16
2026-04-05,East Region,return_request,15
2026-04-05,East Region,other,36
2026-04-05,North Region,checkout_error,8
2026-04-05,North Region,shipping_query,21
2026-04-05,North Region,return_request,17
2026-04-05,North Region,other,29
2026-04-06,East Region,checkout_error,6
2026-04-06,East Region,shipping_query,25
2026-04-06,East Region,return_request,11
2026-04-06,East Region,other,33
2026-04-06,North Region,checkout_error,7
2026-04-06,North Region,shipping_query,15
2026-04-06,North Region,return_request,14
2026-04-06,North Region,other,34
2026-04-07,East Region,checkout_error,9
2026-04-07,East Region,shipping_query,25
2026-04-07,East Region,return_request,14
2026-04-07,East Region,other,38
2026-04-07,North Region,checkout_error,4
2026-04-07,North Region,shipping_query,23
2026-04-07,North Region,return_request,19
2026-04-07,North Region,other,25
2026-04-08,East Region,checkout_error,6
2026-04-08,East Region,shipping_query,27
2026-04-08,East Region,return_request,13
2026-04-08,East Region,other,33
2026-04-08,North Region,checkout_error,8
2026-04-08,North Region,shipping_query,23
2026-04-08,North Region,return_request,15
2026-04-08,North Region,other,36
2026-04-09,East Region,checkout_error,7
2026-04-09,East Region,shipping_query,19
2026-04-09,East Region,return_request,9
2026-04-09,East Region,other,46
2026-04-09,North Region,checkout_error,10
2026-04-09,North Region,shipping_query,20
2026-04-09,North Region,return_request,11
2026-04-09,North Region,other,34
2026-04-10,East Region,checkout_error,7
2026-04-10,East Region,shipping_query,20
2026-04-10,East Region,return_request,15
2026-04-10,East Region,other,27
2026-04-10,North Region,checkout_error,10
2026-04-10,North Region,shipping_query,24
2026-04-10,North Region,return_request,9
2026-04-10,North Region,other,38
2026-04-11,East Region,checkout_error,10
2026-04-11,East Region,shipping_query,14
2026-04-11,East Region,return_request,14
2026-04-11,East Region,other,27
2026-04-11,North Region,checkout_error,12
2026-04-11,North Region,shipping_query,14
2026-04-11,North Region,return_request,14
2026-04-11,North Region,other,32
2026-04-12,East Region,checkout_error,8
2026-04-12,East Region,shipping_query,18
2026-04-12,East Region,return_request,13
2026-04-12,East Region,other,50
2026-04-12,North Region,checkout_error,8
2026-04-12,North Region,shipping_query,20
2026-04-12,North Region,return_request,11
2026-04-12,North Region,other,31
2026-04-13,East Region,checkout_error,3
2026-04-13,East Region,shipping_query,24
2026-04-13,East Region,return_request,11
2026-04-13,East Region,other,39
2026-04-13,North Region,checkout_error,5
2026-04-13,North Region,shipping_query,27
2026-04-13,North Region,return_request,17
2026-04-13,North Region,other,33
2026-04-14,East Region,checkout_error,11
2026-04-14,East Region,shipping_query,20
2026-04-14,East Region,return_request,9
2026-04-14,East Region,other,26
2026-04-14,North Region,checkout_error,8
2026-04-14,North Region,shipping_query,12
2026-04-14,North Region,return_request,18
2026-04-14,North Region,other,28
2026-04-15,East Region,checkout_error,8
2026-04-15,East Region,shipping_query,23
2026-04-15,East Region,return_request,19
2026-04-15,East Region,other,37
2026-04-15,North Region,checkout_error,10
2026-04-15,North Region,shipping_query,17
2026-04-15,North Region,return_request,14
2026-04-15,North Region,other,32
2026-04-16,East Region,checkout_error,10
2026-04-16,East Region,shipping_query,27
2026-04-16,East Region,return_request,13
2026-04-16,East Region,other,35
2026-04-16,North Region,checkout_error,10
2026-04-16,North Region,shipping_query,17
2026-04-16,North Region,return_request,22
2026-04-16,North Region,other,49
2026-04-17,East Region,checkout_error,5
2026-04-17,East Region,shipping_query,27
2026-04-17,East Region,return_request,12
2026-04-17,East Region,other,24
2026-04-17,North Region,checkout_error,9
2026-04-17,North Region,shipping_query,16
2026-04-17,North Region,return_request,13
2026-04-17,North Region,other,33
2026-04-18,East Region,checkout_error,4
2026-04-18,East Region,shipping_query,16
2026-04-18,East Region,return_request,12
2026-04-18,East Region,other,30
2026-04-18,North Region,checkout_error,6
2026-04-18,North Region,shipping_query,18
2026-04-18,North Region,return_request,15
2026-04-18,North Region,other,37
2026-04-19,East Region,checkout_error,7
2026-04-19,East Region,shipping_query,20
2026-04-19,East Region,return_request,13
2026-04-19,East Region,other,33
2026-04-19,North Region,checkout_error,4
2026-04-19,North Region,shipping_query,22
2026-04-19,North Region,return_request,10
2026-04-19,North Region,other,31
2026-04-20,East Region,checkout_error,10
2026-04-20,East Region,shipping_query,25
2026-04-20,East Region,return_request,13
2026-04-20,East Region,other,30
2026-04-20,North Region,checkout_error,7
2026-04-20,North Region,shipping_query,21
2026-04-20,North Region,return_request,18
2026-04-20,North Region,other,42
2026-04-21,East Region,checkout_error,5
2026-04-21,East Region,shipping_query,21
2026-04-21,East Region,return_request,10
2026-04-21,East Region,other,39
2026-04-21,North Region,checkout_error,8
2026-04-21,North Region,shipping_query,22
2026-04-21,North Region,return_request,14
2026-04-21,North Region,other,44
2026-04-22,East Region,checkout_error,8
2026-04-22,East Region,shipping_query,19
2026-04-22,East Region,return_request,11
2026-04-22,East Region,other,35
2026-04-22,North Region,checkout_error,9
2026-04-22,North Region,shipping_query,19
2026-04-22,North Region,return_request,14
2026-04-22,North Region,other,32
2026-04-23,East Region,checkout_error,8
2026-04-23,East Region,shipping_query,24
2026-04-23,East Region,return_request,13
2026-04-23,East Region,other,38
2026-04-23,North Region,checkout_error,6
2026-04-23,North Region,shipping_query,18
2026-04-23,North Region,return_request,11
2026-04-23,North Region,other,31
2026-04-24,East Region,checkout_error,8
2026-04-24,East Region,shipping_query,16
2026-04-24,East Region,return_request,10
2026-04-24,East Region,other,31
2026-04-24,North Region,checkout_error,11
2026-04-24,North Region,shipping_query,25
2026-04-24,North Region,return_request,12
2026-04-24,North Region,other,33
2026-04-25,East Region,checkout_error,11
2026-04-25,East Region,shipping_query,20
2026-04-25,East Region,return_request,16
2026-04-25,East Region,other,36
2026-04-25,North Region,checkout_error,4
2026-04-25,North Region,shipping_query,15
2026-04-25,North Region,return_request,15
2026-04-25,North Region,other,28
2026-04-26,East Region,checkout_error,4
2026-04-26,East Region,shipping_query,16
2026-04-26,East Region,return_request,19
2026-04-26,East Region,other,32
2026-04-26,North Region,checkout_error,9
2026-04-26,North Region,shipping_query,26
2026-04-26,North Region,return_request,7
2026-04-26,North Region,other,30
2026-04-27,East Region,checkout_error,6
2026-04-27,East Region,shipping_query,19
2026-04-27,East Region,return_request,14
2026-04-27,East Region,other,39
2026-04-27,North Region,checkout_error,7
2026-04-27,North Region,shipping_query,24
2026-04-27,North Region,return_request,13
2026-04-27,North Region,other,34
2026-04-28,East Region,checkout_error,8
2026-04-28,East Region,shipping_query,24
2026-04-28,East Region,return_request,12
2026-04-28,East Region,other,39
2026-04-28,North Region,checkout_error,7
2026-04-28,North Region,shipping_query,24
2026-04-28,North Region,return_request,20
2026-04-28,North Region,other,35
2026-04-29,East Region,checkout_error,10
2026-04-29,East Region,shipping_query,25
2026-04-29,East Region,return_request,12
2026-04-29,East Region,other,33
2026-04-29,North Region,checkout_error,9
2026-04-29,North Region,shipping_query,24
2026-04-29,North Region,return_request,17
2026-04-29,North Region,other,37
2026-04-30,East Region,checkout_error,8
2026-04-30,East Region,shipping_query,25
2026-04-30,East Region,return_request,10
2026-04-30,East Region,other,28
2026-04-30,North Region,checkout_error,6
2026-04-30,North Region,shipping_query,29
2026-04-30,North Region,return_request,13
2026-04-30,North Region,other,41
2026-05-01,East Region,checkout_error,6
2026-05-01,East Region,shipping_query,19
2026-05-01,East Region,return_request,13
2026-05-01,East Region,other,44
2026-05-01,North Region,checkout_error,7
2026-05-01,North Region,shipping_query,30
2026-05-01,North Region,return_request,11
2026-05-01,North Region,other,32
2026-05-02,East Region,checkout_error,7
2026-05-02,East Region,shipping_query,20
2026-05-02,East Region,return_request,10
2026-05-02,East Region,other,40
2026-05-02,North Region,checkout_error,6
2026-05-02,North Region,shipping_query,25
2026-05-02,North Region,return_request,9
2026-05-02,North Region,other,37
2026-05-03,East Region,checkout_error,7
2026-05-03,East Region,shipping_query,18
2026-05-03,East Region,return_request,6
2026-05-03,East Region,other,27
2026-05-03,North Region,checkout_error,2
2026-05-03,North Region,shipping_query,18
2026-05-03,North Region,return_request,16
2026-05-03,North Region,other,31
2026-05-04,East Region,checkout_error,10
2026-05-04,East Region,shipping_query,24
2026-05-04,East Region,return_request,9
2026-05-04,East Region,other,47
2026-05-04,North Region,checkout_error,7
2026-05-04,North Region,shipping_query,23
2026-05-04,North Region,return_request,13
2026-05-04,North Region,other,38
2026-05-05,East Region,checkout_error,6
2026-05-05,East Region,shipping_query,14
2026-05-05,East Region,return_request,12
2026-05-05,East Region,other,35
2026-05-05,North Region,checkout_error,8
2026-05-05,North Region,shipping_query,22
2026-05-05,North Region,return_request,12
2026-05-05,North Region,other,33
2026-05-06,East Region,checkout_error,8
2026-05-06,East Region,shipping_query,19
2026-05-06,East Region,return_request,12
2026-05-06,East Region,other,29
2026-05-06,North Region,checkout_error,9
2026-05-06,North Region,shipping_query,22
2026-05-06,North Region,return_request,15
2026-05-06,North Region,other,43
2026-05-07,East Region,checkout_error,11
2026-05-07,East Region,shipping_query,14
2026-05-07,East Region,return_request,11
2026-05-07,East Region,other,38
2026-05-07,North Region,checkout_error,8
2026-05-07,North Region,shipping_query,17
2026-05-07,North Region,return_request,16
2026-05-07,North Region,other,42
2026-05-08,East Region,checkout_error,6
2026-05-08,East Region,shipping_query,14
2026-05-08,East Region,return_request,11
2026-05-08,East Region,other,40
2026-05-08,North Region,checkout_error,9
2026-05-08,North Region,shipping_query,18
2026-05-08,North Region,return_request,13
2026-05-08,North Region,other,34
2026-05-09,East Region,checkout_error,9
2026-05-09,East Region,shipping_query,21
2026-05-09,East Region,return_request,15
2026-05-09,East Region,other,25
2026-05-09,North Region,checkout_error,8
2026-05-09,North Region,shipping_query,23
2026-05-09,North Region,return_request,12
2026-05-09,North Region,other,40
2026-05-10,East Region,checkout_error,6
2026-05-10,East Region,shipping_query,21
2026-05-10,East Region,return_request,19
2026-05-10,East Region,other,30
2026-05-10,North Region,checkout_error,8
2026-05-10,North Region,shipping_query,17
2026-05-10,North Region,return_request,15
2026-05-10,North Region,other,35
2026-05-11,East Region,checkout_error,6
2026-05-11,East Region,shipping_query,15
2026-05-11,East Region,return_request,15
2026-05-11,East Region,other,29
2026-05-11,North Region,checkout_error,9
2026-05-11,North Region,shipping_query,27
2026-05-11,North Region,return_request,9
2026-05-11,North Region,other,29
2026-05-12,East Region,checkout_error,5
2026-05-12,East Region,shipping_query,17
2026-05-12,East Region,return_request,8
2026-05-12,East Region,other,41
2026-05-12,North Region,checkout_error,9
2026-05-12,North Region,shipping_query,18
2026-05-12,North Region,return_request,16
2026-05-12,North Region,other,37
2026-05-13,East Region,checkout_error,8
2026-05-13,East Region,shipping_query,19
2026-05-13,East Region,return_request,16
2026-05-13,East Region,other,37
2026-05-13,North Region,checkout_error,6
2026-05-13,North Region,shipping_query,19
2026-05-13,North Region,return_request,17
2026-05-13,North Region,other,43
2026-05-14,East Region,checkout_error,7
2026-05-14,East Region,shipping_query,31
2026-05-14,East Region,return_request,8
2026-05-14,East Region,other,30
2026-05-14,North Region,checkout_error,9
2026-05-14,North Region,shipping_query,17
2026-05-14,North Region,return_request,15
2026-05-14,North Region,other,36
2026-05-15,East Region,checkout_error,6
2026-05-15,East Region,shipping_query,31
2026-05-15,East Region,return_request,18
2026-05-15,East Region,other,25
2026-05-15,North Region,checkout_error,9
2026-05-15,North Region,shipping_query,25
2026-05-15,North Region,return_request,12
2026-05-15,North Region,other,32
2026-05-16,East Region,checkout_error,6
2026-05-16,East Region,shipping_query,29
2026-05-16,East Region,return_request,12
2026-05-16,East Region,other,31
2026-05-16,North Region,checkout_error,9
2026-05-16,North Region,shipping_query,22
2026-05-16,North Region,return_request,13
2026-05-16,North Region,other,34
2026-05-17,East Region,checkout_error,7
2026-05-17,East Region,shipping_query,24
2026-05-17,East Region,return_request,11
2026-05-17,East Region,other,43
2026-05-17,North Region,checkout_error,4
2026-05-17,North Region,shipping_query,24
2026-05-17,North Region,return_request,16
2026-05-17,North Region,other,34
2026-05-18,East Region,checkout_error,6
2026-05-18,East Region,shipping_query,21
2026-05-18,East Region,return_request,15
2026-05-18,East Region,other,44
2026-05-18,North Region,checkout_error,8
2026-05-18,North Region,shipping_query,24
2026-05-18,North Region,return_request,10
2026-05-18,North Region,other,32
2026-05-19,East Region,checkout_error,5
2026-05-19,East Region,shipping_query,23
2026-05-19,East Region,return_request,12
2026-05-19,East Region,other,32
2026-05-19,North Region,checkout_error,11
2026-05-19,North Region,shipping_query,20
2026-05-19,North Region,return_request,14
2026-05-19,North Region,other,35
2026-05-20,East Region,checkout_error,9
2026-05-20,East Region,shipping_query,21
2026-05-20,East Region,return_request,12
2026-05-20,East Region,other,23
2026-05-20,North Region,checkout_error,8
2026-05-20,North Region,shipping_query,31
2026-05-20,North Region,return_request,15
2026-05-20,North Region,other,34
2026-05-21,East Region,checkout_error,9
2026-05-21,East Region,shipping_query,16
2026-05-21,East Region,return_request,16
2026-05-21,East Region,other,30
2026-05-21,North Region,checkout_error,7
2026-05-21,North Region,shipping_query,22
2026-05-21,North Region,return_request,12
2026-05-21,North Region,other,43
2026-05-22,East Region,checkout_error,7
2026-05-22,East Region,shipping_query,17
2026-05-22,East Region,return_request,14
2026-05-22,East Region,other,37
2026-05-22,North Region,checkout_error,9
2026-05-22,North Region,shipping_query,20
2026-05-22,North Region,return_request,11
2026-05-22,North Region,other,37
2026-05-23,East Region,checkout_error,9
2026-05-23,East Region,shipping_query,21
2026-05-23,East Region,return_request,17
2026-05-23,East Region,other,29
2026-05-23,North Region,checkout_error,11
2026-05-23,North Region,shipping_query,20
2026-05-23,North Region,return_request,14
2026-05-23,North Region,other,32
2026-05-24,East Region,checkout_error,12
2026-05-24,East Region,shipping_query,20
2026-05-24,East Region,return_request,18
2026-05-24,East Region,other,29
2026-05-24,North Region,checkout_error,6
2026-05-24,North Region,shipping_query,24
2026-05-24,North Region,return_request,14
2026-05-24,North Region,other,46
2026-05-25,East Region,checkout_error,12
2026-05-25,East Region,shipping_query,26
2026-05-25,East Region,return_request,17
2026-05-25,East Region,other,48
2026-05-25,North Region,checkout_error,9
2026-05-25,North Region,shipping_query,17
2026-05-25,North Region,return_request,12
2026-05-25,North Region,other,30
2026-05-26,East Region,checkout_error,9
2026-05-26,East Region,shipping_query,20
2026-05-26,East Region,return_request,10
2026-05-26,East Region,other,36
2026-05-26,North Region,checkout_error,8
2026-05-26,North Region,shipping_query,24
2026-05-26,North Region,return_request,16
2026-05-26,North Region,other,40
2026-05-27,East Region,checkout_error,9
2026-05-27,East Region,shipping_query,19
2026-05-27,East Region,return_request,18
2026-05-27,East Region,other,28
2026-05-27,North Region,checkout_error,9
2026-05-27,North Region,shipping_query,22
2026-05-27,North Region,return_request,12
2026-05-27,North Region,other,35
2026-05-28,East Region,checkout_error,7
2026-05-28,East Region,shipping_query,14
2026-05-28,East Region,return_request,13
2026-05-28,East Region,other,45
2026-05-28,North Region,checkout_error,7
2026-05-28,North Region,shipping_query,21
2026-05-28,North Region,return_request,14
2026-05-28,North Region,other,35
2026-05-29,East Region,checkout_error,7
2026-05-29,East Region,shipping_query,22
2026-05-29,East Region,return_request,12
2026-05-29,East Region,other,43
2026-05-29,North Region,checkout_error,7
2026-05-29,North Region,shipping_query,22
2026-05-29,North Region,return_request,15
2026-05-29,North Region,other,44
2026-05-30,East Region,checkout_error,7
2026-05-30,East Region,shipping_query,19
2026-05-30,East Region,return_request,10
2026-05-30,East Region,other,43
2026-05-30,North Region,checkout_error,9
2026-05-30,North Region,shipping_query,18
2026-05-30,North Region,return_request,17
2026-05-30,North Region,other,36
2026-05-31,East Region,checkout_error,7
2026-05-31,East Region,shipping_query,29
2026-05-31,East Region,return_request,14
2026-05-31,East Region,other,38
2026-05-31,North Region,checkout_error,4
2026-05-31,North Region,shipping_query,16
2026-05-31,North Region,return_request,16
2026-05-31,North Region,other,32
2026-06-01,East Region,checkout_error,11
2026-06-01,East Region,shipping_query,25
2026-06-01,East Region,return_request,13
2026-06-01,East Region,other,36
2026-06-01,North Region,checkout_error,12
2026-06-01,North Region,shipping_query,18
2026-06-01,North Region,return_request,15
2026-06-01,North Region,other,36
2026-06-02,East Region,checkout_error,7
2026-06-02,East Region,shipping_query,18
2026-06-02,East Region,return_request,13
2026-06-02,East Region,other,41
2026-06-02,North Region,checkout_error,5
2026-06-02,North Region,shipping_query,15
2026-06-02,North Region,return_request,9
2026-06-02,North Region,other,44
2026-06-03,East Region,checkout_error,4
2026-06-03,East Region,shipping_query,28
2026-06-03,East Region,return_request,6
2026-06-03,East Region,other,30
2026-06-03,North Region,checkout_error,7
2026-06-03,North Region,shipping_query,22
2026-06-03,North Region,return_request,11
2026-06-03,North Region,other,34
2026-06-04,East Region,checkout_error,11
2026-06-04,East Region,shipping_query,15
2026-06-04,East Region,return_request,13
2026-06-04,East Region,other,38
2026-06-04,North Region,checkout_error,8
2026-06-04,North Region,shipping_query,16
2026-06-04,North Region,return_request,14
2026-06-04,North Region,other,31
2026-06-05,East Region,checkout_error,5
2026-06-05,East Region,shipping_query,15
2026-06-05,East Region,return_request,15
2026-06-05,East Region,other,38
2026-06-05,North Region,checkout_error,7
2026-06-05,North Region,shipping_query,22
2026-06-05,North Region,return_request,12
2026-06-05,North Region,other,30
2026-06-06,East Region,checkout_error,3
2026-06-06,East Region,shipping_query,28
2026-06-06,East Region,return_request,12
2026-06-06,East Region,other,37
2026-06-06,North Region,checkout_error,8
2026-06-06,North Region,shipping_query,25
2026-06-06,North Region,return_request,9
2026-06-06,North Region,other,37
2026-06-07,East Region,checkout_error,9
2026-06-07,East Region,shipping_query,25
2026-06-07,East Region,return_request,13
2026-06-07,East Region,other,35
2026-06-07,North Region,checkout_error,5
2026-06-07,North Region,shipping_query,19
2026-06-07,North Region,return_request,13
2026-06-07,North Region,other,40
2026-06-08,East Region,checkout_error,9
2026-06-08,East Region,shipping_query,12
2026-06-08,East Region,return_request,14
2026-06-08,East Region,other,27
2026-06-08,North Region,checkout_error,9
2026-06-08,North Region,shipping_query,20
2026-06-08,North Region,return_request,15
2026-06-08,North Region,other,40
2026-06-09,East Region,checkout_error,4
2026-06-09,East Region,shipping_query,25
2026-06-09,East Region,return_request,15
2026-06-09,East Region,other,36
2026-06-09,North Region,checkout_error,8
2026-06-09,North Region,shipping_query,17
2026-06-09,North Region,return_request,11
2026-06-09,North Region,other,42
2026-06-10,East Region,checkout_error,11
2026-06-10,East Region,shipping_query,28
2026-06-10,East Region,return_request,15
2026-06-10,East Region,other,31
2026-06-10,North Region,checkout_error,4
2026-06-10,North Region,shipping_query,20
2026-06-10,North Region,return_request,12
2026-06-10,North Region,other,43
2026-06-11,East Region,checkout_error,5
2026-06-11,East Region,shipping_query,24
2026-06-11,East Region,return_request,10
2026-06-11,East Region,other,35
2026-06-11,North Region,checkout_error,8
2026-06-11,North Region,shipping_query,21
2026-06-11,North Region,return_request,13
2026-06-11,North Region,other,40
2026-06-12,East Region,checkout_error,9
2026-06-12,East Region,shipping_query,22
2026-06-12,East Region,return_request,12
2026-06-12,East Region,other,40
2026-06-12,North Region,checkout_error,7
2026-06-12,North Region,shipping_query,19
2026-06-12,North Region,return_request,16
2026-06-12,North Region,other,42
2026-06-13,East Region,checkout_error,5
2026-06-13,East Region,shipping_query,26
2026-06-13,East Region,return_request,12
2026-06-13,East Region,other,41
2026-06-13,North Region,checkout_error,8
2026-06-13,North Region,shipping_query,24
2026-06-13,North Region,return_request,14
2026-06-13,North Region,other,29
2026-06-14,East Region,checkout_error,10
2026-06-14,East Region,shipping_query,17
2026-06-14,East Region,return_request,13
2026-06-14,East Region,other,36
2026-06-14,North Region,checkout_error,8
2026-06-14,North Region,shipping_query,19
2026-06-14,North Region,return_request,14
2026-06-14,North Region,other,32
2026-06-15,East Region,checkout_error,4
2026-06-15,East Region,shipping_query,19
2026-06-15,East Region,return_request,18
2026-06-15,East Region,other,33
2026-06-15,North Region,checkout_error,7
2026-06-15,North Region,shipping_query,27
2026-06-15,North Region,return_request,16
2026-06-15,North Region,other,32
2026-06-16,East Region,checkout_error,8
2026-06-16,East Region,shipping_query,19
2026-06-16,East Region,return_request,13
2026-06-16,East Region,other,37
2026-06-16,North Region,checkout_error,8
2026-06-16,North Region,shipping_query,21
2026-06-16,North Region,return_request,19
2026-06-16,North Region,other,38
2026-06-17,East Region,checkout_error,11
2026-06-17,East Region,shipping_query,19
2026-06-17,East Region,return_request,16
2026-06-17,East Region,other,30
2026-06-17,North Region,checkout_error,4
2026-06-17,North Region,shipping_query,22
2026-06-17,North Region,return_request,9
2026-06-17,North Region,other,41
2026-06-18,East Region,checkout_error,6
2026-06-18,East Region,shipping_query,20
2026-06-18,East Region,return_request,15
2026-06-18,East Region,other,33
2026-06-18,North Region,checkout_error,5
2026-06-18,North Region,shipping_query,27
2026-06-18,North Region,return_request,18
2026-06-18,North Region,other,35
2026-06-19,East Region,checkout_error,8
2026-06-19,East Region,shipping_query,25
2026-06-19,East Region,return_request,15
2026-06-19,East Region,other,36
2026-06-19,North Region,checkout_error,6
2026-06-19,North Region,shipping_query,18
2026-06-19,North Region,return_request,15
2026-06-19,North Region,other,37
2026-06-20,East Region,checkout_error,7
2026-06-20,East Region,shipping_query,24
2026-06-20,East Region,return_request,16
2026-06-20,East Region,other,37
2026-06-20,North Region,checkout_error,6
2026-06-20,North Region,shipping_query,23
2026-06-20,North Region,return_request,12
2026-06-20,North Region,other,29
2026-06-21,East Region,checkout_error,7
2026-06-21,East Region,shipping_query,19
2026-06-21,East Region,return_request,17
2026-06-21,East Region,other,38
2026-06-21,North Region,checkout_error,8
2026-06-21,North Region,shipping_query,19
2026-06-21,North Region,return_request,16
2026-06-21,North Region,other,37
2026-06-22,East Region,checkout_error,8
2026-06-22,East Region,shipping_query,18
2026-06-22,East Region,return_request,12
2026-06-22,East Region,other,40
2026-06-22,North Region,checkout_error,7
2026-06-22,North Region,shipping_query,26
2026-06-22,North Region,return_request,16
2026-06-22,North Region,other,38
2026-06-23,East Region,checkout_error,7
2026-06-23,East Region,shipping_query,22
2026-06-23,East Region,return_request,12
2026-06-23,East Region,other,34
2026-06-23,North Region,checkout_error,8
2026-06-23,North Region,shipping_query,20
2026-06-23,North Region,return_request,20
2026-06-23,North Region,other,40
2026-06-24,East Region,checkout_error,6
2026-06-24,East Region,shipping_query,24
2026-06-24,East Region,return_request,13
2026-06-24,East Region,other,34
2026-06-24,North Region,checkout_error,9
2026-06-24,North Region,shipping_query,17
2026-06-24,North Region,return_request,9
2026-06-24,North Region,other,40
2026-06-25,East Region,checkout_error,7
2026-06-25,East Region,shipping_query,27
2026-06-25,East Region,return_request,11
2026-06-25,East Region,other,32
2026-06-25,North Region,checkout_error,7
2026-06-25,North Region,shipping_query,23
2026-06-25,North Region,return_request,13
2026-06-25,North Region,other,24
2026-06-26,East Region,checkout_error,6
2026-06-26,East Region,shipping_query,12
2026-06-26,East Region,return_request,17
2026-06-26,East Region,other,41
2026-06-26,North Region,checkout_error,7
2026-06-26,North Region,shipping_query,15
2026-06-26,North Region,return_request,13
2026-06-26,North Region,other,31
2026-06-27,East Region,checkout_error,3
2026-06-27,East Region,shipping_query,21
2026-06-27,East Region,return_request,9
2026-06-27,East Region,other,31
2026-06-27,North Region,checkout_error,8
2026-06-27,North Region,shipping_query,20
2026-06-27,North Region,return_request,11
2026-06-27,North Region,other,34
2026-06-28,East Region,checkout_error,9
2026-06-28,East Region,shipping_query,28
2026-06-28,East Region,return_request,17
2026-06-28,East Region,other,31
2026-06-28,North Region,checkout_error,8
2026-06-28,North Region,shipping_query,19
2026-06-28,North Region,return_request,11
2026-06-28,North Region,other,28
2026-06-29,East Region,checkout_error,8
2026-06-29,East Region,shipping_query,32
2026-06-29,East Region,return_request,13
2026-06-29,East Region,other,40
2026-06-29,North Region,checkout_error,8
2026-06-29,North Region,shipping_query,24
2026-06-29,North Region,return_request,16
2026-06-29,North Region,other,34
2026-06-30,East Region,checkout_error,5
2026-06-30,East Region,shipping_query,18
2026-06-30,East Region,return_request,14
2026-06-30,East Region,other,38
2026-06-30,North Region,checkout_error,6
2026-06-30,North Region,shipping_query,24
2026-06-30,North Region,return_request,17
2026-06-30,North Region,other,32
2026-07-01,East Region,checkout_error,6
2026-07-01,East Region,shipping_query,17
2026-07-01,East Region,return_request,17
2026-07-01,East Region,other,36
2026-07-01,North Region,checkout_error,8
2026-07-01,North Region,shipping_query,26
2026-07-01,North Region,return_request,15
2026-07-01,North Region,other,35
2026-07-02,East Region,checkout_error,5
2026-07-02,East Region,shipping_query,29
2026-07-02,East Region,return_request,18
2026-07-02,East Region,other,33
2026-07-02,North Region,checkout_error,9
2026-07-02,North Region,shipping_query,15
2026-07-02,North Region,return_request,15
2026-07-02,North Region,other,35
2026-07-03,East Region,checkout_error,8
2026-07-03,East Region,shipping_query,25
2026-07-03,East Region,return_request,17
2026-07-03,East Region,other,43
2026-07-03,North Region,checkout_error,6
2026-07-03,North Region,shipping_query,23
2026-07-03,North Region,return_request,15
2026-07-03,North Region,other,43
2026-07-04,East Region,checkout_error,6
2026-07-04,East Region,shipping_query,17
2026-07-04,East Region,return_request,14
2026-07-04,East Region,other,35
2026-07-04,North Region,checkout_error,10
2026-07-04,North Region,shipping_query,28
2026-07-04,North Region,return_request,17
2026-07-04,North Region,other,39
2026-07-05,East Region,checkout_error,8
2026-07-05,East Region,shipping_query,16
2026-07-05,East Region,return_request,14
2026-07-05,East Region,other,32
2026-07-05,North Region,checkout_error,6
2026-07-05,North Region,shipping_query,18
2026-07-05,North Region,return_request,9
2026-07-05,North Region,other,39
2026-07-06,East Region,checkout_error,9
2026-07-06,East Region,shipping_query,23
2026-07-06,East Region,return_request,18
2026-07-06,East Region,other,44
2026-07-06,North Region,checkout_error,9
2026-07-06,North Region,shipping_query,12
2026-07-06,North Region,return_request,12
2026-07-06,North Region,other,26
2026-07-07,East Region,checkout_error,6
2026-07-07,East Region,shipping_query,16
2026-07-07,East Region,return_request,13
2026-07-07,East Region,other,39
2026-07-07,North Region,checkout_error,9
2026-07-07,North Region,shipping_query,22
2026-07-07,North Region,return_request,13
2026-07-07,North Region,other,36
2026-07-08,East Region,checkout_error,9
2026-07-08,East Region,shipping_query,19
2026-07-08,East Region,return_request,13
2026-07-08,East Region,other,28
2026-07-08,North Region,checkout_error,4
2026-07-08,North Region,shipping_query,18
2026-07-08,North Region,return_request,14
2026-07-08,North Region,other,33
2026-07-09,East Region,checkout_error,7
2026-07-09,East Region,shipping_query,18
2026-07-09,East Region,return_request,12
2026-07-09,East Region,other,30
2026-07-09,North Region,checkout_error,5
2026-07-09,North Region,shipping_query,21
2026-07-09,North Region,return_request,11
2026-07-09,North Region,other,19
2026-07-10,East Region,checkout_error,7
2026-07-10,East Region,shipping_query,26
2026-07-10,East Region,return_request,21
2026-07-10,East Region,other,41
2026-07-10,North Region,checkout_error,8
2026-07-10,North Region,shipping_query,20
2026-07-10,North Region,return_request,15
2026-07-10,North Region,other,26
2026-07-11,East Region,checkout_error,9
2026-07-11,East Region,shipping_query,25
2026-07-11,East Region,return_request,19
2026-07-11,East Region,other,33
2026-07-11,North Region,checkout_error,9
2026-07-11,North Region,shipping_query,23
2026-07-11,North Region,return_request,11
2026-07-11,North Region,other,46
2026-07-12,East Region,checkout_error,12
2026-07-12,East Region,shipping_query,18
2026-07-12,East Region,return_request,14
2026-07-12,East Region,other,35
2026-07-12,North Region,checkout_error,9
2026-07-12,North Region,shipping_query,27
2026-07-12,North Region,return_request,20
2026-07-12,North Region,other,27
2026-07-13,East Region,checkout_error,7
2026-07-13,East Region,shipping_query,26
2026-07-13,East Region,return_request,13
2026-07-13,East Region,other,33
2026-07-13,North Region,checkout_error,8
2026-07-13,North Region,shipping_query,16
2026-07-13,North Region,return_request,16
2026-07-13,North Region,other,40
2026-07-14,East Region,checkout_error,7
2026-07-14,East Region,shipping_query,27
2026-07-14,East Region,return_request,15
2026-07-14,East Region,other,40
2026-07-14,North Region,checkout_error,6
2026-07-14,North Region,shipping_query,17
2026-07-14,North Region,return_request,13
2026-07-14,North Region,other,43
2026-07-15,East Region,checkout_error,6
2026-07-15,East Region,shipping_query,20
2026-07-15,East Region,return_request,15
2026-07-15,East Region,other,41
2026-07-15,North Region,checkout_error,7
2026-07-15,North Region,shipping_query,23
2026-07-15,North Region,return_request,14
2026-07-15,North Region,other,40
2026-07-16,East Region,checkout_error,6
2026-07-16,East Region,shipping_query,20
2026-07-16,East Region,return_request,14
2026-07-16,East Region,other,33
2026-07-16,North Region,checkout_error,8
2026-07-16,North Region,shipping_query,22
2026-07-16,North Region,return_request,15
2026-07-16,North Region,other,35
2026-07-17,East Region,checkout_error,8
2026-07-17,East Region,shipping_query,14
2026-07-17,East Region,return_request,20
2026-07-17,East Region,other,44
2026-07-17,North Region,checkout_error,9
2026-07-17,North Region,shipping_query,21
2026-07-17,North Region,return_request,13
2026-07-17,North Region,other,22
2026-07-18,East Region,checkout_error,5
2026-07-18,East Region,shipping_query,20
2026-07-18,East Region,return_request,16
2026-07-18,East Region,other,37
2026-07-18,North Region,checkout_error,7
2026-07-18,North Region,shipping_query,19
2026-07-18,North Region,return_request,14
2026-07-18,North Region,other,27
2026-07-19,East Region,checkout_error,7
2026-07-19,East Region,shipping_query,21
2026-07-19,East Region,return_request,14
2026-07-19,East Region,other,25
2026-07-19,North Region,checkout_error,6
2026-07-19,North Region,shipping_query,27
2026-07-19,North Region,return_request,14
2026-07-19,North Region,other,42
2026-07-20,East Region,checkout_error,13
2026-07-20,East Region,shipping_query,23
2026-07-20,East Region,return_request,13
2026-07-20,East Region,other,39
2026-07-20,North Region,checkout_error,9
2026-07-20,North Region,shipping_query,24
2026-07-20,North Region,return_request,18
2026-07-20,North Region,other,42
2026-07-21,East Region,checkout_error,12
2026-07-21,East Region,shipping_query,21
2026-07-21,East Region,return_request,13
2026-07-21,East Region,other,24
2026-07-21,North Region,checkout_error,6
2026-07-21,North Region,shipping_query,18
2026-07-21,North Region,return_request,9
2026-07-21,North Region,other,36
2026-07-22,East Region,checkout_error,9
2026-07-22,East Region,shipping_query,20
2026-07-22,East Region,return_request,18
2026-07-22,East Region,other,35
2026-07-22,North Region,checkout_error,9
2026-07-22,North Region,shipping_query,26
2026-07-22,North Region,return_request,9
2026-07-22,North Region,other,30
2026-07-23,East Region,checkout_error,5
2026-07-23,East Region,shipping_query,20
2026-07-23,East Region,return_request,10
2026-07-23,East Region,other,30
2026-07-23,North Region,checkout_error,4
2026-07-23,North Region,shipping_query,14
2026-07-23,North Region,return_request,15
2026-07-23,North Region,other,37
2026-07-24,East Region,checkout_error,11
2026-07-24,East Region,shipping_query,22
2026-07-24,East Region,return_request,17
2026-07-24,East Region,other,38
2026-07-24,North Region,checkout_error,6
2026-07-24,North Region,shipping_query,14
2026-07-24,North Region,return_request,14
2026-07-24,North Region,other,34
2026-07-25,East Region,checkout_error,6
2026-07-25,East Region,shipping_query,18
2026-07-25,East Region,return_request,15
2026-07-25,East Region,other,37
2026-07-25,North Region,checkout_error,12
2026-07-25,North Region,shipping_query,31
2026-07-25,North Region,return_request,21
2026-07-25,North Region,other,35
2026-07-26,East Region,checkout_error,9
2026-07-26,East Region,shipping_query,28
2026-07-26,East Region,return_request,11
2026-07-26,East Region,other,39
2026-07-26,North Region,checkout_error,5
2026-07-26,North Region,shipping_query,17
2026-07-26,North Region,return_request,10
2026-07-26,North Region,other,33
2026-07-27,East Region,checkout_error,9
2026-07-27,East Region,shipping_query,23
2026-07-27,East Region,return_request,16
2026-07-27,East Region,other,33
2026-07-27,North Region,checkout_error,6
2026-07-27,North Region,shipping_query,19
2026-07-27,North Region,return_request,16
2026-07-27,North Region,other,41
2026-07-28,East Region,checkout_error,5
2026-07-28,East Region,shipping_query,24
2026-07-28,East Region,return_request,19
2026-07-28,East Region,other,46
2026-07-28,North Region,checkout_error,6
2026-07-28,North Region,shipping_query,24
2026-07-28,North Region,return_request,19
2026-07-28,North Region,other,37
2026-07-29,East Region,checkout_error,7
2026-07-29,East Region,shipping_query,18
2026-07-29,East Region,return_request,13
2026-07-29,East Region,other,34
2026-07-29,North Region,checkout_error,9
2026-07-29,North Region,shipping_query,21
2026-07-29,North Region,return_request,13
2026-07-29,North Region,other,51
2026-07-30,East Region,checkout_error,12
2026-07-30,East Region,shipping_query,23
2026-07-30,East Region,return_request,17
2026-07-30,East Region,other,31
2026-07-30,North Region,checkout_error,7
2026-07-30,North Region,shipping_query,25
2026-07-30,North Region,return_request,18
2026-07-30,North Region,other,29
2026-07-31,East Region,checkout_error,7
2026-07-31,East Region,shipping_query,31
2026-07-31,East Region,return_request,10
2026-07-31,East Region,other,44
2026-07-31,North Region,checkout_error,9
2026-07-31,North Region,shipping_query,27
2026-07-31,North Region,return_request,12
2026-07-31,North Region,other,26
2026-08-01,East Region,checkout_error,5
2026-08-01,East Region,shipping_query,20
2026-08-01,East Region,return_request,16
2026-08-01,East Region,other,38
2026-08-01,North Region,checkout_error,8
2026-08-01,North Region,shipping_query,23
2026-08-01,North Region,return_request,17
2026-08-01,North Region,other,36
2026-08-02,East Region,checkout_error,10
2026-08-02,East Region,shipping_query,13
2026-08-02,East Region,return_request,13
2026-08-02,East Region,other,25
2026-08-02,North Region,checkout_error,8
2026-08-02,North Region,shipping_query,15
2026-08-02,North Region,return_request,15
2026-08-02,North Region,other,41
2026-08-03,East Region,checkout_error,5
2026-08-03,East Region,shipping_query,24
2026-08-03,East Region,return_request,9
2026-08-03,East Region,other,41
2026-08-03,North Region,checkout_error,7
2026-08-03,North Region,shipping_query,25
2026-08-03,North Region,return_request,17
2026-08-03,North Region,other,37
2026-08-04,East Region,checkout_error,7
2026-08-04,East Region,shipping_query,28
2026-08-04,East Region,return_request,11
2026-08-04,East Region,other,35
2026-08-04,North Region,checkout_error,10
2026-08-04,North Region,shipping_query,20
2026-08-04,North Region,return_request,16
2026-08-04,North Region,other,41
2026-08-05,East Region,checkout_error,7
2026-08-05,East Region,shipping_query,18
2026-08-05,East Region,return_request,9
2026-08-05,East Region,other,23
2026-08-05,North Region,checkout_error,6
2026-08-05,North Region,shipping_query,31
2026-08-05,North Region,return_request,11
2026-08-05,North Region,other,27
2026-08-06,East Region,checkout_error,5
2026-08-06,East Region,shipping_query,18
2026-08-06,East Region,return_request,13
2026-08-06,East Region,other,35
2026-08-06,North Region,checkout_error,8
2026-08-06,North Region,shipping_query,22
2026-08-06,North Region,return_request,10
2026-08-06,North Region,other,19
2026-08-07,East Region,checkout_error,6
2026-08-07,East Region,shipping_query,20
2026-08-07,East Region,return_request,14
2026-08-07,East Region,other,28
2026-08-07,North Region,checkout_error,10
2026-08-07,North Region,shipping_query,20
2026-08-07,North Region,return_request,14
2026-08-07,North Region,other,37
2026-08-08,East Region,checkout_error,5
2026-08-08,East Region,shipping_query,25
2026-08-08,East Region,return_request,11
2026-08-08,East Region,other,42
2026-08-08,North Region,checkout_error,5
2026-08-08,North Region,shipping_query,24
2026-08-08,North Region,return_request,15
2026-08-08,North Region,other,41
2026-08-09,East Region,checkout_error,6
2026-08-09,East Region,shipping_query,11
2026-08-09,East Region,return_request,13
2026-08-09,East Region,other,38
2026-08-09,North Region,checkout_error,6
2026-08-09,North Region,shipping_query,24
2026-08-09,North Region,return_request,8
2026-08-09,North Region,other,38
2026-08-10,East Region,checkout_error,8
2026-08-10,East Region,shipping_query,19
2026-08-10,East Region,return_request,19
2026-08-10,East Region,other,40
2026-08-10,North Region,checkout_error,8
2026-08-10,North Region,shipping_query,26
2026-08-10,North Region,return_request,16
2026-08-10,North Region,other,44
2026-08-11,East Region,checkout_error,8
2026-08-11,East Region,shipping_query,21
2026-08-11,East Region,return_request,10
2026-08-11,East Region,other,40
2026-08-11,North Region,checkout_error,4
2026-08-11,North Region,shipping_query,21
2026-08-11,North Region,return_request,9
2026-08-11,North Region,other,38
2026-08-12,East Region,checkout_error,5
2026-08-12,East Region,shipping_query,24
2026-08-12,East Region,return_request,14
2026-08-12,East Region,other,35
2026-08-12,North Region,checkout_error,7
2026-08-12,North Region,shipping_query,15
2026-08-12,North Region,return_request,13
2026-08-12,North Region,other,38
2026-08-13,East Region,checkout_error,9
2026-08-13,East Region,shipping_query,17
2026-08-13,East Region,return_request,10
2026-08-13,East Region,other,27
2026-08-13,North Region,checkout_error,3
2026-08-13,North Region,shipping_query,25
2026-08-13,North Region,return_request,15
2026-08-13,North Region,other,35
2026-08-14,East Region,checkout_error,7
2026-08-14,East Region,shipping_query,16
2026-08-14,East Region,return_request,7
2026-08-14,East Region,other,26
2026-08-14,North Region,checkout_error,7
2026-08-14,North Region,shipping_query,21
2026-08-14,North Region,return_request,15
2026-08-14,North Region,other,27
2026-08-15,East Region,checkout_error,11
2026-08-15,East Region,shipping_query,25
2026-08-15,East Region,return_request,12
2026-08-15,East Region,other,37
2026-08-15,North Region,checkout_error,10
2026-08-15,North Region,shipping_query,24
2026-08-15,North Region,return_request,13
2026-08-15,North Region,other,23
2026-08-16,East Region,checkout_error,5
2026-08-16,East Region,shipping_query,16
2026-08-16,East Region,return_request,10
2026-08-16,East Region,other,33
2026-08-16,North Region,checkout_error,8
2026-08-16,North Region,shipping_query,25
2026-08-16,North Region,return_request,17
2026-08-16,North Region,other,38
2026-08-17,East Region,checkout_error,8
2026-08-17,East Region,shipping_query,26
2026-08-17,East Region,return_request,16
2026-08-17,East Region,other,28
2026-08-17,North Region,checkout_error,6
2026-08-17,North Region,shipping_query,21
2026-08-17,North Region,return_request,11
2026-08-17,North Region,other,34
2026-08-18,East Region,checkout_error,7
2026-08-18,East Region,shipping_query,26
2026-08-18,East Region,return_request,9
2026-08-18,East Region,other,36
2026-08-18,North Region,checkout_error,7
2026-08-18,North Region,shipping_query,24
2026-08-18,North Region,return_request,12
2026-08-18,North Region,other,35
2026-08-19,East Region,checkout_error,9
2026-08-19,East Region,shipping_query,23
2026-08-19,East Region,return_request,9
2026-08-19,East Region,other,44
2026-08-19,North Region,checkout_error,7
2026-08-19,North Region,shipping_query,19
2026-08-19,North Region,return_request,16
2026-08-19,North Region,other,42
2026-08-20,East Region,checkout_error,9
2026-08-20,East Region,shipping_query,21
2026-08-20,East Region,return_request,19
2026-08-20,East Region,other,22
2026-08-20,North Region,checkout_error,5
2026-08-20,North Region,shipping_query,16
2026-08-20,North Region,return_request,14
2026-08-20,North Region,other,40
2026-08-21,East Region,checkout_error,12
2026-08-21,East Region,shipping_query,20
2026-08-21,East Region,return_request,8
2026-08-21,East Region,other,25
2026-08-21,North Region,checkout_error,6
2026-08-21,North Region,shipping_query,15
2026-08-21,North Region,return_request,10
2026-08-21,North Region,other,37
2026-08-22,East Region,checkout_error,4
2026-08-22,East Region,shipping_query,23
2026-08-22,East Region,return_request,16
2026-08-22,East Region,other,39
2026-08-22,North Region,checkout_error,10
2026-08-22,North Region,shipping_query,21
2026-08-22,North Region,return_request,13
2026-08-22,North Region,other,28
2026-08-23,East Region,checkout_error,7
2026-08-23,East Region,shipping_query,17
2026-08-23,East Region,return_request,12
2026-08-23,East Region,other,34
2026-08-23,North Region,checkout_error,7
2026-08-23,North Region,shipping_query,22
2026-08-23,North Region,return_request,14
2026-08-23,North Region,other,31
2026-08-24,East Region,checkout_error,4
2026-08-24,East Region,shipping_query,20
2026-08-24,East Region,return_request,15
2026-08-24,East Region,other,33
2026-08-24,North Region,checkout_error,8
2026-08-24,North Region,shipping_query,22
2026-08-24,North Region,return_request,11
2026-08-24,North Region,other,25
2026-08-25,East Region,checkout_error,7
2026-08-25,East Region,shipping_query,14
2026-08-25,East Region,return_request,16
2026-08-25,East Region,other,32
2026-08-25,North Region,checkout_error,7
2026-08-25,North Region,shipping_query,33
2026-08-25,North Region,return_request,12
2026-08-25,North Region,other,31
2026-08-26,East Region,checkout_error,6
2026-08-26,East Region,shipping_query,22
2026-08-26,East Region,return_request,15
2026-08-26,East Region,other,28
2026-08-26,North Region,checkout_error,10
2026-08-26,North Region,shipping_query,22
2026-08-26,North Region,return_request,12
2026-08-26,North Region,other,27
2025-09-08,East Region,checkout_error,13
2025-09-08,East Region,shipping_query,18
2025-09-08,East Region,return_request,13
2025-09-08,East Region,other,30
2025-09-08,North Region,checkout_error,7
2025-09-08,North Region,shipping_query,21
2025-09-08,North Region,return_request,11
2025-09-08,North Region,other,30
2025-09-09,East Region,checkout_error,8
2025-09-09,East Region,shipping_query,24
2025-09-09,East Region,return_request,10
2025-09-09,East Region,other,29
2025-09-09,North Region,checkout_error,13
2025-09-09,North Region,shipping_query,17
2025-09-09,North Region,return_request,15
2025-09-09,North Region,other,30
2025-09-10,East Region,checkout_error,7
2025-09-10,East Region,shipping_query,25
2025-09-10,East Region,return_request,10
2025-09-10,East Region,other,30
2025-09-10,North Region,checkout_error,9
2025-09-10,North Region,shipping_query,22
2025-09-10,North Region,return_request,14
2025-09-10,North Region,other,40
2025-09-11,East Region,checkout_error,8
2025-09-11,East Region,shipping_query,18
2025-09-11,East Region,return_request,12
2025-09-11,East Region,other,26
2025-09-11,North Region,checkout_error,5
2025-09-11,North Region,shipping_query,20
2025-09-11,North Region,return_request,17
2025-09-11,North Region,other,30
2025-09-12,East Region,checkout_error,10
2025-09-12,East Region,shipping_query,23
2025-09-12,East Region,return_request,14
2025-09-12,East Region,other,29
2025-09-12,North Region,checkout_error,6
2025-09-12,North Region,shipping_query,22
2025-09-12,North Region,return_request,15
2025-09-12,North Region,other,34
2025-09-13,East Region,checkout_error,4
2025-09-13,East Region,shipping_query,27
2025-09-13,East Region,return_request,13
2025-09-13,East Region,other,41
2025-09-13,North Region,checkout_error,7
2025-09-13,North Region,shipping_query,14
2025-09-13,North Region,return_request,11
2025-09-13,North Region,other,35
2025-09-14,East Region,checkout_error,9
2025-09-14,East Region,shipping_query,17
2025-09-14,East Region,return_request,15
2025-09-14,East Region,other,32
2025-09-14,North Region,checkout_error,9
2025-09-14,North Region,shipping_query,24
2025-09-14,North Region,return_request,11
2025-09-14,North Region,other,27
2025-09-15,East Region,checkout_error,12
2025-09-15,East Region,shipping_query,22
2025-09-15,East Region,return_request,12
2025-09-15,East Region,other,33
2025-09-15,North Region,checkout_error,4
2025-09-15,North Region,shipping_query,11
2025-09-15,North Region,return_request,12
2025-09-15,North Region,other,43
2025-09-16,East Region,checkout_error,7
2025-09-16,East Region,shipping_query,26
2025-09-16,East Region,return_request,16
2025-09-16,East Region,other,35
2025-09-16,North Region,checkout_error,5
2025-09-16,North Region,shipping_query,19
2025-09-16,North Region,return_request,12
2025-09-16,North Region,other,32
2025-09-17,East Region,checkout_error,9
2025-09-17,East Region,shipping_query,17
2025-09-17,East Region,return_request,14
2025-09-17,East Region,other,40
2025-09-17,North Region,checkout_error,7
2025-09-17,North Region,shipping_query,27
2025-09-17,North Region,return_request,16
2025-09-17,North Region,other,31
2025-09-18,East Region,checkout_error,7
2025-09-18,East Region,shipping_query,17
2025-09-18,East Region,return_request,17
2025-09-18,East Region,other,29
2025-09-18,North Region,checkout_error,8
2025-09-18,North Region,shipping_query,20
2025-09-18,North Region,return_request,11
2025-09-18,North Region,other,33
2025-09-19,East Region,checkout_error,9
2025-09-19,East Region,shipping_query,24
2025-09-19,East Region,return_request,9
2025-09-19,East Region,other,31
2025-09-19,North Region,checkout_error,10
2025-09-19,North Region,shipping_query,16
2025-09-19,North Region,return_request,12
2025-09-19,North Region,other,32
2025-09-20,East Region,checkout_error,7
2025-09-20,East Region,shipping_query,22
2025-09-20,East Region,return_request,15
2025-09-20,East Region,other,30
2025-09-20,North Region,checkout_error,7
2025-09-20,North Region,shipping_query,17
2025-09-20,North Region,return_request,18
2025-09-20,North Region,other,35
2025-09-21,East Region,checkout_error,10
2025-09-21,East Region,shipping_query,18
2025-09-21,East Region,return_request,15
2025-09-21,East Region,other,38
2025-09-21,North Region,checkout_error,7
2025-09-21,North Region,shipping_query,27
2025-09-21,North Region,return_request,10
2025-09-21,North Region,other,40
2025-09-22,East Region,checkout_error,5
2025-09-22,East Region,shipping_query,21
2025-09-22,East Region,return_request,14
2025-09-22,East Region,other,30
2025-09-22,North Region,checkout_error,7
2025-09-22,North Region,shipping_query,32
2025-09-22,North Region,return_request,16
2025-09-22,North Region,other,33
2025-09-23,East Region,checkout_error,10
2025-09-23,East Region,shipping_query,24
2025-09-23,East Region,return_request,11
2025-09-23,East Region,other,28
2025-09-23,North Region,checkout_error,11
2025-09-23,North Region,shipping_query,21
2025-09-23,North Region,return_request,19
2025-09-23,North Region,other,38
2025-09-24,East Region,checkout_error,8
2025-09-24,East Region,shipping_query,27
2025-09-24,East Region,return_request,9
2025-09-24,East Region,other,33
2025-09-24,North Region,checkout_error,11
2025-09-24,North Region,shipping_query,20
2025-09-24,North Region,return_request,19
2025-09-24,North Region,other,31
2025-09-25,East Region,checkout_error,8
2025-09-25,East Region,shipping_query,25
2025-09-25,East Region,return_request,15
2025-09-25,East Region,other,43
2025-09-25,North Region,checkout_error,11
2025-09-25,North Region,shipping_query,25
2025-09-25,North Region,return_request,15
2025-09-25,North Region,other,36
2025-09-26,East Region,checkout_error,6
2025-09-26,East Region,shipping_query,18
2025-09-26,East Region,return_request,7
2025-09-26,East Region,other,38
2025-09-26,North Region,checkout_error,10
2025-09-26,North Region,shipping_query,17
2025-09-26,North Region,return_request,20
2025-09-26,North Region,other,29
2025-09-27,East Region,checkout_error,8
2025-09-27,East Region,shipping_query,18
2025-09-27,East Region,return_request,13
2025-09-27,East Region,other,42
2025-09-27,North Region,checkout_error,10
2025-09-27,North Region,shipping_query,15
2025-09-27,North Region,return_request,13
2025-09-27,North Region,other,38
2025-09-28,East Region,checkout_error,8
2025-09-28,East Region,shipping_query,23
2025-09-28,East Region,return_request,15
2025-09-28,East Region,other,39
2025-09-28,North Region,checkout_error,7
2025-09-28,North Region,shipping_query,19
2025-09-28,North Region,return_request,14
2025-09-28,North Region,other,27
2025-09-29,East Region,checkout_error,8
2025-09-29,East Region,shipping_query,19
2025-09-29,East Region,return_request,12
2025-09-29,East Region,other,37
2025-09-29,North Region,checkout_error,6
2025-09-29,North Region,shipping_query,28
2025-09-29,North Region,return_request,14
2025-09-29,North Region,other,44
2025-09-30,East Region,checkout_error,6
2025-09-30,East Region,shipping_query,16
2025-09-30,East Region,return_request,16
2025-09-30,East Region,other,31
2025-09-30,North Region,checkout_error,7
2025-09-30,North Region,shipping_query,27
2025-09-30,North Region,return_request,14
2025-09-30,North Region,other,39
2025-10-01,East Region,checkout_error,9
2025-10-01,East Region,shipping_query,19
2025-10-01,East Region,return_request,15
2025-10-01,East Region,other,38
2025-10-01,North Region,checkout_error,7
2025-10-01,North Region,shipping_query,23
2025-10-01,North Region,return_request,11
2025-10-01,North Region,other,27
2025-10-02,East Region,checkout_error,7
2025-10-02,East Region,shipping_query,24
2025-10-02,East Region,return_request,14
2025-10-02,East Region,other,34
2025-10-02,North Region,checkout_error,8
2025-10-02,North Region,shipping_query,21
2025-10-02,North Region,return_request,12
2025-10-02,North Region,other,39
2025-10-03,East Region,checkout_error,7
2025-10-03,East Region,shipping_query,24
2025-10-03,East Region,return_request,15
2025-10-03,East Region,other,30
2025-10-03,North Region,checkout_error,6
2025-10-03,North Region,shipping_query,23
2025-10-03,North Region,return_request,12
2025-10-03,North Region,other,36
2025-10-04,East Region,checkout_error,5
2025-10-04,East Region,shipping_query,16
2025-10-04,East Region,return_request,9
2025-10-04,East Region,other,40
2025-10-04,North Region,checkout_error,8
2025-10-04,North Region,shipping_query,20
2025-10-04,North Region,return_request,15
2025-10-04,North Region,other,36
2025-10-05,East Region,checkout_error,6
2025-10-05,East Region,shipping_query,22
2025-10-05,East Region,return_request,15
2025-10-05,East Region,other,31
2025-10-05,North Region,checkout_error,8
2025-10-05,North Region,shipping_query,18
2025-10-05,North Region,return_request,9
2025-10-05,North Region,other,36
2025-10-06,East Region,checkout_error,7
2025-10-06,East Region,shipping_query,19
2025-10-06,East Region,return_request,13
2025-10-06,East Region,other,27
2025-10-06,North Region,checkout_error,8
2025-10-06,North Region,shipping_query,31
2025-10-06,North Region,return_request,13
2025-10-06,North Region,other,26
2025-10-07,East Region,checkout_error,9
2025-10-07,East Region,shipping_query,20
2025-10-07,East Region,return_request,16
2025-10-07,East Region,other,32
2025-10-07,North Region,checkout_error,5
2025-10-07,North Region,shipping_query,23
2025-10-07,North Region,return_request,16
2025-10-07,North Region,other,51
2025-10-08,East Region,checkout_error,9
2025-10-08,East Region,shipping_query,23
2025-10-08,East Region,return_request,16
2025-10-08,East Region,other,27
2025-10-08,North Region,checkout_error,8
2025-10-08,North Region,shipping_query,16
2025-10-08,North Region,return_request,9
2025-10-08,North Region,other,38
2025-10-09,East Region,checkout_error,10
2025-10-09,East Region,shipping_query,22
2025-10-09,East Region,return_request,16
2025-10-09,East Region,other,23
2025-10-09,North Region,checkout_error,10
2025-10-09,North Region,shipping_query,23
2025-10-09,North Region,return_request,13
2025-10-09,North Region,other,36
2025-10-10,East Region,checkout_error,7
2025-10-10,East Region,shipping_query,24
2025-10-10,East Region,return_request,17
2025-10-10,East Region,other,34
2025-10-10,North Region,checkout_error,8
2025-10-10,North Region,shipping_query,23
2025-10-10,North Region,return_request,15
2025-10-10,North Region,other,21
2025-10-11,East Region,checkout_error,5
2025-10-11,East Region,shipping_query,27
2025-10-11,East Region,return_request,14
2025-10-11,East Region,other,41
2025-10-11,North Region,checkout_error,10
2025-10-11,North Region,shipping_query,22
2025-10-11,North Region,return_request,12
2025-10-11,North Region,other,37
2025-10-12,East Region,checkout_error,12
2025-10-12,East Region,shipping_query,18
2025-10-12,East Region,return_request,21
2025-10-12,East Region,other,42
2025-10-12,North Region,checkout_error,8
2025-10-12,North Region,shipping_query,22
2025-10-12,North Region,return_request,12
2025-10-12,North Region,other,40
2025-10-13,East Region,checkout_error,7
2025-10-13,East Region,shipping_query,17
2025-10-13,East Region,return_request,12
2025-10-13,East Region,other,37
2025-10-13,North Region,checkout_error,8
2025-10-13,North Region,shipping_query,23
2025-10-13,North Region,return_request,16
2025-10-13,North Region,other,32
2025-10-14,East Region,checkout_error,8
2025-10-14,East Region,shipping_query,21
2025-10-14,East Region,return_request,14
2025-10-14,East Region,other,35
2025-10-14,North Region,checkout_error,10
2025-10-14,North Region,shipping_query,23
2025-10-14,North Region,return_request,13
2025-10-14,North Region,other,38
2025-10-15,East Region,checkout_error,8
2025-10-15,East Region,shipping_query,21
2025-10-15,East Region,return_request,11
2025-10-15,East Region,other,33
2025-10-15,North Region,checkout_error,7
2025-10-15,North Region,shipping_query,28
2025-10-15,North Region,return_request,16
2025-10-15,North Region,other,35
2025-10-16,East Region,checkout_error,9
2025-10-16,East Region,shipping_query,20
2025-10-16,East Region,return_request,16
2025-10-16,East Region,other,49
2025-10-16,North Region,checkout_error,5
2025-10-16,North Region,shipping_query,31
2025-10-16,North Region,return_request,12
2025-10-16,North Region,other,33
2025-10-17,East Region,checkout_error,5
2025-10-17,East Region,shipping_query,20
2025-10-17,East Region,return_request,13
2025-10-17,East Region,other,35
2025-10-17,North Region,checkout_error,9
2025-10-17,North Region,shipping_query,20
2025-10-17,North Region,return_request,14
2025-10-17,North Region,other,32
2025-10-18,East Region,checkout_error,8
2025-10-18,East Region,shipping_query,11
2025-10-18,East Region,return_request,17
2025-10-18,East Region,other,39
2025-10-18,North Region,checkout_error,6
2025-10-18,North Region,shipping_query,27
2025-10-18,North Region,return_request,12
2025-10-18,North Region,other,29
2025-10-19,East Region,checkout_error,9
2025-10-19,East Region,shipping_query,19
2025-10-19,East Region,return_request,13
2025-10-19,East Region,other,38
2025-10-19,North Region,checkout_error,4
2025-10-19,North Region,shipping_query,26
2025-10-19,North Region,return_request,15
2025-10-19,North Region,other,30
2025-10-20,East Region,checkout_error,7
2025-10-20,East Region,shipping_query,26
2025-10-20,East Region,return_request,13
2025-10-20,East Region,other,29
2025-10-20,North Region,checkout_error,8
2025-10-20,North Region,shipping_query,28
2025-10-20,North Region,return_request,13
2025-10-20,North Region,other,36
2025-10-21,East Region,checkout_error,7
2025-10-21,East Region,shipping_query,25
2025-10-21,East Region,return_request,14
2025-10-21,East Region,other,28
2025-10-21,North Region,checkout_error,7
2025-10-21,North Region,shipping_query,18
2025-10-21,North Region,return_request,9
2025-10-21,North Region,other,34
2025-10-22,East Region,checkout_error,8
2025-10-22,East Region,shipping_query,18
2025-10-22,East Region,return_request,13
2025-10-22,East Region,other,32
2025-10-22,North Region,checkout_error,10
2025-10-22,North Region,shipping_query,17
2025-10-22,North Region,return_request,15
2025-10-22,North Region,other,32
2025-10-23,East Region,checkout_error,9
2025-10-23,East Region,shipping_query,21
2025-10-23,East Region,return_request,16
2025-10-23,East Region,other,39
2025-10-23,North Region,checkout_error,5
2025-10-23,North Region,shipping_query,13
2025-10-23,North Region,return_request,14
2025-10-23,North Region,other,32
2025-10-24,East Region,checkout_error,10
2025-10-24,East Region,shipping_query,20
2025-10-24,East Region,return_request,13
2025-10-24,East Region,other,24
2025-10-24,North Region,checkout_error,5
2025-10-24,North Region,shipping_query,20
2025-10-24,North Region,return_request,15
2025-10-24,North Region,other,33
2025-10-25,East Region,checkout_error,5
2025-10-25,East Region,shipping_query,21
2025-10-25,East Region,return_request,10
2025-10-25,East Region,other,31
2025-10-25,North Region,checkout_error,9
2025-10-25,North Region,shipping_query,18
2025-10-25,North Region,return_request,15
2025-10-25,North Region,other,33
2025-10-26,East Region,checkout_error,7
2025-10-26,East Region,shipping_query,19
2025-10-26,East Region,return_request,18
2025-10-26,East Region,other,36
2025-10-26,North Region,checkout_error,11
2025-10-26,North Region,shipping_query,21
2025-10-26,North Region,return_request,11
2025-10-26,North Region,other,33
2025-10-27,East Region,checkout_error,10
2025-10-27,East Region,shipping_query,16
2025-10-27,East Region,return_request,16
2025-10-27,East Region,other,23
2025-10-27,North Region,checkout_error,9
2025-10-27,North Region,shipping_query,24
2025-10-27,North Region,return_request,16
2025-10-27,North Region,other,35
2025-10-28,East Region,checkout_error,6
2025-10-28,East Region,shipping_query,23
2025-10-28,East Region,return_request,14
2025-10-28,East Region,other,37
2025-10-28,North Region,checkout_error,7
2025-10-28,North Region,shipping_query,22
2025-10-28,North Region,return_request,10
2025-10-28,North Region,other,33
2025-10-29,East Region,checkout_error,8
2025-10-29,East Region,shipping_query,23
2025-10-29,East Region,return_request,11
2025-10-29,East Region,other,35
2025-10-29,North Region,checkout_error,5
2025-10-29,North Region,shipping_query,22
2025-10-29,North Region,return_request,16
2025-10-29,North Region,other,39
2025-10-30,East Region,checkout_error,4
2025-10-30,East Region,shipping_query,20
2025-10-30,East Region,return_request,11
2025-10-30,East Region,other,35
2025-10-30,North Region,checkout_error,9
2025-10-30,North Region,shipping_query,21
2025-10-30,North Region,return_request,12
2025-10-30,North Region,other,43
2025-10-31,East Region,checkout_error,5
2025-10-31,East Region,shipping_query,16
2025-10-31,East Region,return_request,13
2025-10-31,East Region,other,38
2025-10-31,North Region,checkout_error,8
2025-10-31,North Region,shipping_query,18
2025-10-31,North Region,return_request,18
2025-10-31,North Region,other,30
2025-11-01,East Region,checkout_error,5
2025-11-01,East Region,shipping_query,21
2025-11-01,East Region,return_request,10
2025-11-01,East Region,other,43
2025-11-01,North Region,checkout_error,4
2025-11-01,North Region,shipping_query,21
2025-11-01,North Region,return_request,8
2025-11-01,North Region,other,24
2025-11-02,East Region,checkout_error,6
2025-11-02,East Region,shipping_query,18
2025-11-02,East Region,return_request,15
2025-11-02,East Region,other,42
2025-11-02,North Region,checkout_error,7
2025-11-02,North Region,shipping_query,25
2025-11-02,North Region,return_request,16
2025-11-02,North Region,other,30
2025-11-03,East Region,checkout_error,5
2025-11-03,East Region,shipping_query,24
2025-11-03,East Region,return_request,12
2025-11-03,East Region,other,40
2025-11-03,North Region,checkout_error,10
2025-11-03,North Region,shipping_query,20
2025-11-03,North Region,return_request,17
2025-11-03,North Region,other,33
2025-11-04,East Region,checkout_error,7
2025-11-04,East Region,shipping_query,16
2025-11-04,East Region,return_request,18
2025-11-04,East Region,other,45
2025-11-04,North Region,checkout_error,9
2025-11-04,North Region,shipping_query,27
2025-11-04,North Region,return_request,21
2025-11-04,North Region,other,30
2025-11-05,East Region,checkout_error,11
2025-11-05,East Region,shipping_query,17
2025-11-05,East Region,return_request,14
2025-11-05,East Region,other,28
2025-11-05,North Region,checkout_error,7
2025-11-05,North Region,shipping_query,21
2025-11-05,North Region,return_request,13
2025-11-05,North Region,other,43
2025-11-06,East Region,checkout_error,9
2025-11-06,East Region,shipping_query,23
2025-11-06,East Region,return_request,14
2025-11-06,East Region,other,39
2025-11-06,North Region,checkout_error,8
2025-11-06,North Region,shipping_query,21
2025-11-06,North Region,return_request,11
2025-11-06,North Region,other,31
2025-11-07,East Region,checkout_error,8
2025-11-07,East Region,shipping_query,17
2025-11-07,East Region,return_request,13
2025-11-07,East Region,other,35
2025-11-07,North Region,checkout_error,8
2025-11-07,North Region,shipping_query,26
2025-11-07,North Region,return_request,15
2025-11-07,North Region,other,33
2025-11-08,East Region,checkout_error,8
2025-11-08,East Region,shipping_query,25
2025-11-08,East Region,return_request,13
2025-11-08,East Region,other,41
2025-11-08,North Region,checkout_error,9
2025-11-08,North Region,shipping_query,19
2025-11-08,North Region,return_request,15
2025-11-08,North Region,other,27
2025-11-09,East Region,checkout_error,8
2025-11-09,East Region,shipping_query,19
2025-11-09,East Region,return_request,10
2025-11-09,East Region,other,28
2025-11-09,North Region,checkout_error,12
2025-11-09,North Region,shipping_query,19
2025-11-09,North Region,return_request,11
2025-11-09,North Region,other,29
2025-11-10,East Region,checkout_error,5
2025-11-10,East Region,shipping_query,24
2025-11-10,East Region,return_request,14
2025-11-10,East Region,other,39
2025-11-10,North Region,checkout_error,8
2025-11-10,North Region,shipping_query,25
2025-11-10,North Region,return_request,16
2025-11-10,North Region,other,37
2025-11-11,East Region,checkout_error,5
2025-11-11,East Region,shipping_query,16
2025-11-11,East Region,return_request,12
2025-11-11,East Region,other,40
2025-11-11,North Region,checkout_error,6
2025-11-11,North Region,shipping_query,22
2025-11-11,North Region,return_request,16
2025-11-11,North Region,other,37
2025-11-12,East Region,checkout_error,10
2025-11-12,East Region,shipping_query,23
2025-11-12,East Region,return_request,7
2025-11-12,East Region,other,36
2025-11-12,North Region,checkout_error,5
2025-11-12,North Region,shipping_query,26
2025-11-12,North Region,return_request,9
2025-11-12,North Region,other,38
2025-11-13,East Region,checkout_error,8
2025-11-13,East Region,shipping_query,24
2025-11-13,East Region,return_request,14
2025-11-13,East Region,other,31
2025-11-13,North Region,checkout_error,6
2025-11-13,North Region,shipping_query,22
2025-11-13,North Region,return_request,14
2025-11-13,North Region,other,33
2025-11-14,East Region,checkout_error,12
2025-11-14,East Region,shipping_query,17
2025-11-14,East Region,return_request,16
2025-11-14,East Region,other,44
2025-11-14,North Region,checkout_error,5
2025-11-14,North Region,shipping_query,18
2025-11-14,North Region,return_request,15
2025-11-14,North Region,other,47
2025-11-15,East Region,checkout_error,9
2025-11-15,East Region,shipping_query,27
2025-11-15,East Region,return_request,15
2025-11-15,East Region,other,32
2025-11-15,North Region,checkout_error,5
2025-11-15,North Region,shipping_query,16
2025-11-15,North Region,return_request,8
2025-11-15,North Region,other,32
2025-11-16,East Region,checkout_error,5
2025-11-16,East Region,shipping_query,19
2025-11-16,East Region,return_request,9
2025-11-16,East Region,other,34
2025-11-16,North Region,checkout_error,7
2025-11-16,North Region,shipping_query,19
2025-11-16,North Region,return_request,9
2025-11-16,North Region,other,40
2025-11-17,East Region,checkout_error,7
2025-11-17,East Region,shipping_query,22
2025-11-17,East Region,return_request,21
2025-11-17,East Region,other,32
2025-11-17,North Region,checkout_error,2
2025-11-17,North Region,shipping_query,18
2025-11-17,North Region,return_request,17
2025-11-17,North Region,other,31
2025-11-18,East Region,checkout_error,11
2025-11-18,East Region,shipping_query,14
2025-11-18,East Region,return_request,6
2025-11-18,East Region,other,33
2025-11-18,North Region,checkout_error,8
2025-11-18,North Region,shipping_query,20
2025-11-18,North Region,return_request,15
2025-11-18,North Region,other,30
2025-11-19,East Region,checkout_error,9
2025-11-19,East Region,shipping_query,17
2025-11-19,East Region,return_request,14
2025-11-19,East Region,other,27
2025-11-19,North Region,checkout_error,5
2025-11-19,North Region,shipping_query,26
2025-11-19,North Region,return_request,12
2025-11-19,North Region,other,26
2025-11-20,East Region,checkout_error,5
2025-11-20,East Region,shipping_query,19
2025-11-20,East Region,return_request,13
2025-11-20,East Region,other,36
2025-11-20,North Region,checkout_error,7
2025-11-20,North Region,shipping_query,25
2025-11-20,North Region,return_request,17
2025-11-20,North Region,other,34
2025-11-21,East Region,checkout_error,8
2025-11-21,East Region,shipping_query,24
2025-11-21,East Region,return_request,21
2025-11-21,East Region,other,30
2025-11-21,North Region,checkout_error,9
2025-11-21,North Region,shipping_query,29
2025-11-21,North Region,return_request,20
2025-11-21,North Region,other,26
2025-11-22,East Region,checkout_error,9
2025-11-22,East Region,shipping_query,18
2025-11-22,East Region,return_request,10
2025-11-22,East Region,other,41
2025-11-22,North Region,checkout_error,9
2025-11-22,North Region,shipping_query,22
2025-11-22,North Region,return_request,10
2025-11-22,North Region,other,34
2025-11-23,East Region,checkout_error,9
2025-11-23,East Region,shipping_query,20
2025-11-23,East Region,return_request,13
2025-11-23,East Region,other,33
2025-11-23,North Region,checkout_error,8
2025-11-23,North Region,shipping_query,22
2025-11-23,North Region,return_request,15
2025-11-23,North Region,other,34
2025-11-24,East Region,checkout_error,10
2025-11-24,East Region,shipping_query,18
2025-11-24,East Region,return_request,16
2025-11-24,East Region,other,25
2025-11-24,North Region,checkout_error,9
2025-11-24,North Region,shipping_query,25
2025-11-24,North Region,return_request,14
2025-11-24,North Region,other,39
2025-11-25,East Region,checkout_error,8
2025-11-25,East Region,shipping_query,17
2025-11-25,East Region,return_request,15
2025-11-25,East Region,other,44
2025-11-25,North Region,checkout_error,6
2025-11-25,North Region,shipping_query,14
2025-11-25,North Region,return_request,12
2025-11-25,North Region,other,36
2025-11-26,East Region,checkout_error,7
2025-11-26,East Region,shipping_query,24
2025-11-26,East Region,return_request,13
2025-11-26,East Region,other,29
2025-11-26,North Region,checkout_error,9
2025-11-26,North Region,shipping_query,25
2025-11-26,North Region,return_request,12
2025-11-26,North Region,other,43
2025-11-27,East Region,checkout_error,5
2025-11-27,East Region,shipping_query,20
2025-11-27,East Region,return_request,15
2025-11-27,East Region,other,34
2025-11-27,North Region,checkout_error,4
2025-11-27,North Region,shipping_query,25
2025-11-27,North Region,return_request,12
2025-11-27,North Region,other,40
2025-11-28,East Region,checkout_error,6
2025-11-28,East Region,shipping_query,21
2025-11-28,East Region,return_request,16
2025-11-28,East Region,other,36
2025-11-28,North Region,checkout_error,6
2025-11-28,North Region,shipping_query,25
2025-11-28,North Region,return_request,12
2025-11-28,North Region,other,35
2025-11-29,East Region,checkout_error,8
2025-11-29,East Region,shipping_query,24
2025-11-29,East Region,return_request,10
2025-11-29,East Region,other,37
2025-11-29,North Region,checkout_error,8
2025-11-29,North Region,shipping_query,31
2025-11-29,North Region,return_request,14
2025-11-29,North Region,other,32
2025-11-30,East Region,checkout_error,6
2025-11-30,East Region,shipping_query,20
2025-11-30,East Region,return_request,18
2025-11-30,East Region,other,32
2025-11-30,North Region,checkout_error,6
2025-11-30,North Region,shipping_query,19
2025-11-30,North Region,return_request,15
2025-11-30,North Region,other,36
2025-12-01,East Region,checkout_error,5
2025-12-01,East Region,shipping_query,20
2025-12-01,East Region,return_request,10
2025-12-01,East Region,other,34
2025-12-01,North Region,checkout_error,8
2025-12-01,North Region,shipping_query,26
2025-12-01,North Region,return_request,16
2025-12-01,North Region,other,36
2025-12-02,East Region,checkout_error,9
2025-12-02,East Region,shipping_query,28
2025-12-02,East Region,return_request,12
2025-12-02,East Region,other,40
2025-12-02,North Region,checkout_error,7
2025-12-02,North Region,shipping_query,20
2025-12-02,North Region,return_request,12
2025-12-02,North Region,other,36
2025-12-03,East Region,checkout_error,9
2025-12-03,East Region,shipping_query,16
2025-12-03,East Region,return_request,10
2025-12-03,East Region,other,40
2025-12-03,North Region,checkout_error,9
2025-12-03,North Region,shipping_query,24
2025-12-03,North Region,return_request,14
2025-12-03,North Region,other,38
2025-12-04,East Region,checkout_error,11
2025-12-04,East Region,shipping_query,28
2025-12-04,East Region,return_request,11
2025-12-04,East Region,other,25
2025-12-04,North Region,checkout_error,7
2025-12-04,North Region,shipping_query,20
2025-12-04,North Region,return_request,13
2025-12-04,North Region,other,35
2025-12-05,East Region,checkout_error,5
2025-12-05,East Region,shipping_query,17
2025-12-05,East Region,return_request,18
2025-12-05,East Region,other,39
2025-12-05,North Region,checkout_error,7
2025-12-05,North Region,shipping_query,21
2025-12-05,North Region,return_request,17
2025-12-05,North Region,other,38
2025-12-06,East Region,checkout_error,11
2025-12-06,East Region,shipping_query,27
2025-12-06,East Region,return_request,14
2025-12-06,East Region,other,27
2025-12-06,North Region,checkout_error,9
2025-12-06,North Region,shipping_query,21
2025-12-06,North Region,return_request,12
2025-12-06,North Region,other,43
2025-12-07,East Region,checkout_error,8
2025-12-07,East Region,shipping_query,17
2025-12-07,East Region,return_request,10
2025-12-07,East Region,other,20
2025-12-07,North Region,checkout_error,7
2025-12-07,North Region,shipping_query,22
2025-12-07,North Region,return_request,16
2025-12-07,North Region,other,42
2025-12-08,East Region,checkout_error,5
2025-12-08,East Region,shipping_query,30
2025-12-08,East Region,return_request,10
2025-12-08,East Region,other,33
2025-12-08,North Region,checkout_error,9
2025-12-08,North Region,shipping_query,20
2025-12-08,North Region,return_request,17
2025-12-08,North Region,other,36
2025-12-09,East Region,checkout_error,9
2025-12-09,East Region,shipping_query,27
2025-12-09,East Region,return_request,14
2025-12-09,East Region,other,34
2025-12-09,North Region,checkout_error,11
2025-12-09,North Region,shipping_query,20
2025-12-09,North Region,return_request,14
2025-12-09,North Region,other,41
2025-12-10,East Region,checkout_error,7
2025-12-10,East Region,shipping_query,26
2025-12-10,East Region,return_request,19
2025-12-10,East Region,other,41
2025-12-10,North Region,checkout_error,10
2025-12-10,North Region,shipping_query,26
2025-12-10,North Region,return_request,19
2025-12-10,North Region,other,38
2025-12-11,East Region,checkout_error,8
2025-12-11,East Region,shipping_query,15
2025-12-11,East Region,return_request,14
2025-12-11,East Region,other,26
2025-12-11,North Region,checkout_error,5
2025-12-11,North Region,shipping_query,22
2025-12-11,North Region,return_request,18
2025-12-11,North Region,other,44
2025-12-12,East Region,checkout_error,6
2025-12-12,East Region,shipping_query,21
2025-12-12,East Region,return_request,12
2025-12-12,East Region,other,22
2025-12-12,North Region,checkout_error,8
2025-12-12,North Region,shipping_query,20
2025-12-12,North Region,return_request,12
2025-12-12,North Region,other,36
2025-12-13,East Region,checkout_error,8
2025-12-13,East Region,shipping_query,20
2025-12-13,East Region,return_request,13
2025-12-13,East Region,other,35
2025-12-13,North Region,checkout_error,12
2025-12-13,North Region,shipping_query,28
2025-12-13,North Region,return_request,17
2025-12-13,North Region,other,35
2025-12-14,East Region,checkout_error,5
2025-12-14,East Region,shipping_query,27
2025-12-14,East Region,return_request,14
2025-12-14,East Region,other,38
2025-12-14,North Region,checkout_error,6
2025-12-14,North Region,shipping_query,25
2025-12-14,North Region,return_request,12
2025-12-14,North Region,other,31
2025-12-15,East Region,checkout_error,11
2025-12-15,East Region,shipping_query,29
2025-12-15,East Region,return_request,12
2025-12-15,East Region,other,25
2025-12-15,North Region,checkout_error,10
2025-12-15,North Region,shipping_query,30
2025-12-15,North Region,return_request,10
2025-12-15,North Region,other,40
2025-12-16,East Region,checkout_error,7
2025-12-16,East Region,shipping_query,23
2025-12-16,East Region,return_request,14
2025-12-16,East Region,other,40
2025-12-16,North Region,checkout_error,9
2025-12-16,North Region,shipping_query,18
2025-12-16,North Region,return_request,12
2025-12-16,North Region,other,29
2025-12-17,East Region,checkout_error,5
2025-12-17,East Region,shipping_query,13
2025-12-17,East Region,return_request,17
2025-12-17,East Region,other,26
2025-12-17,North Region,checkout_error,6
2025-12-17,North Region,shipping_query,16
2025-12-17,North Region,return_request,18
2025-12-17,North Region,other,30
2025-12-18,East Region,checkout_error,11
2025-12-18,East Region,shipping_query,18
2025-12-18,East Region,return_request,14
2025-12-18,East Region,other,26
2025-12-18,North Region,checkout_error,5
2025-12-18,North Region,shipping_query,23
2025-12-18,North Region,return_request,12
2025-12-18,North Region,other,39
2025-12-19,East Region,checkout_error,5
2025-12-19,East Region,shipping_query,23
2025-12-19,East Region,return_request,16
2025-12-19,East Region,other,45
2025-12-19,North Region,checkout_error,8
2025-12-19,North Region,shipping_query,21
2025-12-19,North Region,return_request,18
2025-12-19,North Region,other,40
2025-12-20,East Region,checkout_error,6
2025-12-20,East Region,shipping_query,24
2025-12-20,East Region,return_request,17
2025-12-20,East Region,other,36
2025-12-20,North Region,checkout_error,9
2025-12-20,North Region,shipping_query,23
2025-12-20,North Region,return_request,15
2025-12-20,North Region,other,35
2025-12-21,East Region,checkout_error,9
2025-12-21,East Region,shipping_query,20
2025-12-21,East Region,return_request,8
2025-12-21,East Region,other,41
2025-12-21,North Region,checkout_error,8
2025-12-21,North Region,shipping_query,22
2025-12-21,North Region,return_request,12
2025-12-21,North Region,other,42
2025-12-22,East Region,checkout_error,8
2025-12-22,East Region,shipping_query,17
2025-12-22,East Region,return_request,12
2025-12-22,East Region,other,26
2025-12-22,North Region,checkout_error,8
2025-12-22,North Region,shipping_query,18
2025-12-22,North Region,return_request,13
2025-12-22,North Region,other,25
2025-12-23,East Region,checkout_error,8
2025-12-23,East Region,shipping_query,26
2025-12-23,East Region,return_request,17
2025-12-23,East Region,other,30
2025-12-23,North Region,checkout_error,9
2025-12-23,North Region,shipping_query,24
2025-12-23,North Region,return_request,11
2025-12-23,North Region,other,25
2025-12-24,East Region,checkout_error,10
2025-12-24,East Region,shipping_query,33
2025-12-24,East Region,return_request,11
2025-12-24,East Region,other,42
2025-12-24,North Region,checkout_error,4
2025-12-24,North Region,shipping_query,19
2025-12-24,North Region,return_request,16
2025-12-24,North Region,other,41
2025-12-25,East Region,checkout_error,11
2025-12-25,East Region,shipping_query,21
2025-12-25,East Region,return_request,17
2025-12-25,East Region,other,40
2025-12-25,North Region,checkout_error,6
2025-12-25,North Region,shipping_query,27
2025-12-25,North Region,return_request,8
2025-12-25,North Region,other,21
2025-12-26,East Region,checkout_error,8
2025-12-26,East Region,shipping_query,21
2025-12-26,East Region,return_request,14
2025-12-26,East Region,other,35
2025-12-26,North Region,checkout_error,7
2025-12-26,North Region,shipping_query,21
2025-12-26,North Region,return_request,11
2025-12-26,North Region,other,40
2025-12-27,East Region,checkout_error,6
2025-12-27,East Region,shipping_query,28
2025-12-27,East Region,return_request,17
2025-12-27,East Region,other,31
2025-12-27,North Region,checkout_error,6
2025-12-27,North Region,shipping_query,26
2025-12-27,North Region,return_request,18
2025-12-27,North Region,other,33
2025-12-28,East Region,checkout_error,8
2025-12-28,East Region,shipping_query,25
2025-12-28,East Region,return_request,16
2025-12-28,East Region,other,33
2025-12-28,North Region,checkout_error,7
2025-12-28,North Region,shipping_query,16
2025-12-28,North Region,return_request,11
2025-12-28,North Region,other,29
2025-12-29,East Region,checkout_error,8
2025-12-29,East Region,shipping_query,18
2025-12-29,East Region,return_request,16
2025-12-29,East Region,other,24
2025-12-29,North Region,checkout_error,9
2025-12-29,North Region,shipping_query,23
2025-12-29,North Region,return_request,8
2025-12-29,North Region,other,36
2025-12-30,East Region,checkout_error,9
2025-12-30,East Region,shipping_query,20
2025-12-30,East Region,return_request,6
2025-12-30,East Region,other,26
2025-12-30,North Region,checkout_error,7
2025-12-30,North Region,shipping_query,20
2025-12-30,North Region,return_request,14
2025-12-30,North Region,other,33
2025-12-31,East Region,checkout_error,11
2025-12-31,East Region,shipping_query,14
2025-12-31,East Region,return_request,13
2025-12-31,East Region,other,39
2025-12-31,North Region,checkout_error,7
2025-12-31,North Region,shipping_query,22
2025-12-31,North Region,return_request,18
2025-12-31,North Region,other,44
2026-01-01,East Region,checkout_error,10
2026-01-01,East Region,shipping_query,27
2026-01-01,East Region,return_request,8
2026-01-01,East Region,other,33
2026-01-01,North Region,checkout_error,7
2026-01-01,North Region,shipping_query,16
2026-01-01,North Region,return_request,14
2026-01-01,North Region,other,37
2026-01-02,East Region,checkout_error,6
2026-01-02,East Region,shipping_query,19
2026-01-02,East Region,return_request,13
2026-01-02,East Region,other,27
2026-01-02,North Region,checkout_error,6
2026-01-02,North Region,shipping_query,22
2026-01-02,North Region,return_request,16
2026-01-02,North Region,other,30
2026-01-03,East Region,checkout_error,7
2026-01-03,East Region,shipping_query,22
2026-01-03,East Region,return_request,14
2026-01-03,East Region,other,21
2026-01-03,North Region,checkout_error,5
2026-01-03,North Region,shipping_query,18
2026-01-03,North Region,return_request,12
2026-01-03,North Region,other,32
2026-01-04,East Region,checkout_error,9
2026-01-04,East Region,shipping_query,25
2026-01-04,East Region,return_request,13
2026-01-04,East Region,other,23
2026-01-04,North Region,checkout_error,3
2026-01-04,North Region,shipping_query,28
2026-01-04,North Region,return_request,13
2026-01-04,North Region,other,36
2026-01-05,East Region,checkout_error,5
2026-01-05,East Region,shipping_query,23
2026-01-05,East Region,return_request,17
2026-01-05,East Region,other,39
2026-01-05,North Region,checkout_error,7
2026-01-05,North Region,shipping_query,31
2026-01-05,North Region,return_request,12
2026-01-05,North Region,other,46
2026-01-06,East Region,checkout_error,8
2026-01-06,East Region,shipping_query,29
2026-01-06,East Region,return_request,14
2026-01-06,East Region,other,30
2026-01-06,North Region,checkout_error,7
2026-01-06,North Region,shipping_query,17
2026-01-06,North Region,return_request,9
2026-01-06,North Region,other,31
2026-01-07,East Region,checkout_error,8
2026-01-07,East Region,shipping_query,15
2026-01-07,East Region,return_request,18
2026-01-07,East Region,other,34
2026-01-07,North Region,checkout_error,8
2026-01-07,North Region,shipping_query,18
2026-01-07,North Region,return_request,17
2026-01-07,North Region,other,45
2026-01-08,East Region,checkout_error,8
2026-01-08,East Region,shipping_query,16
2026-01-08,East Region,return_request,20
2026-01-08,East Region,other,35
2026-01-08,North Region,checkout_error,11
2026-01-08,North Region,shipping_query,15
2026-01-08,North Region,return_request,19
2026-01-08,North Region,other,35
2026-01-09,East Region,checkout_error,9
2026-01-09,East Region,shipping_query,23
2026-01-09,East Region,return_request,15
2026-01-09,East Region,other,18
2026-01-09,North Region,checkout_error,7
2026-01-09,North Region,shipping_query,16
2026-01-09,North Region,return_request,15
2026-01-09,North Region,other,31
2026-01-10,East Region,checkout_error,9
2026-01-10,East Region,shipping_query,24
2026-01-10,East Region,return_request,8
2026-01-10,East Region,other,25
2026-01-10,North Region,checkout_error,5
2026-01-10,North Region,shipping_query,22
2026-01-10,North Region,return_request,16
2026-01-10,North Region,other,40
2026-01-11,East Region,checkout_error,5
2026-01-11,East Region,shipping_query,20
2026-01-11,East Region,return_request,13
2026-01-11,East Region,other,37
2026-01-11,North Region,checkout_error,8
2026-01-11,North Region,shipping_query,33
2026-01-11,North Region,return_request,13
2026-01-11,North Region,other,16
2026-01-12,East Region,checkout_error,9
2026-01-12,East Region,shipping_query,13
2026-01-12,East Region,return_request,17
2026-01-12,East Region,other,34
2026-01-12,North Region,checkout_error,7
2026-01-12,North Region,shipping_query,20
2026-01-12,North Region,return_request,16
2026-01-12,North Region,other,42
2026-01-13,East Region,checkout_error,12
2026-01-13,East Region,shipping_query,20
2026-01-13,East Region,return_request,21
2026-01-13,East Region,other,46
2026-01-13,North Region,checkout_error,6
2026-01-13,North Region,shipping_query,25
2026-01-13,North Region,return_request,16
2026-01-13,North Region,other,37
2026-01-14,East Region,checkout_error,6
2026-01-14,East Region,shipping_query,23
2026-01-14,East Region,return_request,14
2026-01-14,East Region,other,33
2026-01-14,North Region,checkout_error,5
2026-01-14,North Region,shipping_query,13
2026-01-14,North Region,return_request,16
2026-01-14,North Region,other,34
2026-01-15,East Region,checkout_error,6
2026-01-15,East Region,shipping_query,17
2026-01-15,East Region,return_request,12
2026-01-15,East Region,other,37
2026-01-15,North Region,checkout_error,8
2026-01-15,North Region,shipping_query,23
2026-01-15,North Region,return_request,10
2026-01-15,North Region,other,36
2026-01-16,East Region,checkout_error,6
2026-01-16,East Region,shipping_query,24
2026-01-16,East Region,return_request,10
2026-01-16,East Region,other,39
2026-01-16,North Region,checkout_error,8
2026-01-16,North Region,shipping_query,19
2026-01-16,North Region,return_request,15
2026-01-16,North Region,other,39
2026-01-17,East Region,checkout_error,3
2026-01-17,East Region,shipping_query,19
2026-01-17,East Region,return_request,10
2026-01-17,East Region,other,34
2026-01-17,North Region,checkout_error,5
2026-01-17,North Region,shipping_query,27
2026-01-17,North Region,return_request,16
2026-01-17,North Region,other,32
2026-01-18,East Region,checkout_error,10
2026-01-18,East Region,shipping_query,19
2026-01-18,East Region,return_request,14
2026-01-18,East Region,other,22
2026-01-18,North Region,checkout_error,7
2026-01-18,North Region,shipping_query,21
2026-01-18,North Region,return_request,12
2026-01-18,North Region,other,32
2026-01-19,East Region,checkout_error,7
2026-01-19,East Region,shipping_query,21
2026-01-19,East Region,return_request,12
2026-01-19,East Region,other,35
2026-01-19,North Region,checkout_error,7
2026-01-19,North Region,shipping_query,18
2026-01-19,North Region,return_request,14
2026-01-19,North Region,other,37
2026-01-20,East Region,checkout_error,8
2026-01-20,East Region,shipping_query,19
2026-01-20,East Region,return_request,14
2026-01-20,East Region,other,44
2026-01-20,North Region,checkout_error,9
2026-01-20,North Region,shipping_query,24
2026-01-20,North Region,return_request,14
2026-01-20,North Region,other,25
2026-01-21,East Region,checkout_error,12
2026-01-21,East Region,shipping_query,20
2026-01-21,East Region,return_request,12
2026-01-21,East Region,other,29
2026-01-21,North Region,checkout_error,10
2026-01-21,North Region,shipping_query,15
2026-01-21,North Region,return_request,14
2026-01-21,North Region,other,46
2026-01-22,East Region,checkout_error,9
2026-01-22,East Region,shipping_query,30
2026-01-22,East Region,return_request,14
2026-01-22,East Region,other,33
2026-01-22,North Region,checkout_error,12
2026-01-22,North Region,shipping_query,23
2026-01-22,North Region,return_request,12
2026-01-22,North Region,other,35
2026-01-23,East Region,checkout_error,6
2026-01-23,East Region,shipping_query,20
2026-01-23,East Region,return_request,16
2026-01-23,East Region,other,40
2026-01-23,North Region,checkout_error,8
2026-01-23,North Region,shipping_query,17
2026-01-23,North Region,return_request,15
2026-01-23,North Region,other,30
2026-01-24,East Region,checkout_error,7
2026-01-24,East Region,shipping_query,23
2026-01-24,East Region,return_request,16
2026-01-24,East Region,other,33
2026-01-24,North Region,checkout_error,7
2026-01-24,North Region,shipping_query,13
2026-01-24,North Region,return_request,14
2026-01-24,North Region,other,30
2026-01-25,East Region,checkout_error,7
2026-01-25,East Region,shipping_query,21
2026-01-25,East Region,return_request,12
2026-01-25,East Region,other,33
2026-01-25,North Region,checkout_error,6
2026-01-25,North Region,shipping_query,24
2026-01-25,North Region,return_request,9
2026-01-25,North Region,other,48
2026-01-26,East Region,checkout_error,11
2026-01-26,East Region,shipping_query,19
2026-01-26,East Region,return_request,15
2026-01-26,East Region,other,39
2026-01-26,North Region,checkout_error,9
2026-01-26,North Region,shipping_query,24
2026-01-26,North Region,return_request,19
2026-01-26,North Region,other,39
2026-01-27,East Region,checkout_error,12
2026-01-27,East Region,shipping_query,21
2026-01-27,East Region,return_request,16
2026-01-27,East Region,other,33
2026-01-27,North Region,checkout_error,4
2026-01-27,North Region,shipping_query,23
2026-01-27,North Region,return_request,14
2026-01-27,North Region,other,33
2026-01-28,East Region,checkout_error,10
2026-01-28,East Region,shipping_query,22
2026-01-28,East Region,return_request,17
2026-01-28,East Region,other,28
2026-01-28,North Region,checkout_error,5
2026-01-28,North Region,shipping_query,29
2026-01-28,North Region,return_request,17
2026-01-28,North Region,other,34
2026-01-29,East Region,checkout_error,4
2026-01-29,East Region,shipping_query,23
2026-01-29,East Region,return_request,7
2026-01-29,East Region,other,38
2026-01-29,North Region,checkout_error,5
2026-01-29,North Region,shipping_query,25
2026-01-29,North Region,return_request,9
2026-01-29,North Region,other,32
2026-01-30,East Region,checkout_error,7
2026-01-30,East Region,shipping_query,28
2026-01-30,East Region,return_request,9
2026-01-30,East Region,other,38
2026-01-30,North Region,checkout_error,9
2026-01-30,North Region,shipping_query,15
2026-01-30,North Region,return_request,11
2026-01-30,North Region,other,30
2026-01-31,East Region,checkout_error,9
2026-01-31,East Region,shipping_query,17
2026-01-31,East Region,return_request,15
2026-01-31,East Region,other,30
2026-01-31,North Region,checkout_error,7
2026-01-31,North Region,shipping_query,24
2026-01-31,North Region,return_request,15
2026-01-31,North Region,other,35
2026-02-01,East Region,checkout_error,6
2026-02-01,East Region,shipping_query,24
2026-02-01,East Region,return_request,15
2026-02-01,East Region,other,32
2026-02-01,North Region,checkout_error,7
2026-02-01,North Region,shipping_query,25
2026-02-01,North Region,return_request,16
2026-02-01,North Region,other,29
2026-02-02,East Region,checkout_error,5
2026-02-02,East Region,shipping_query,19
2026-02-02,East Region,return_request,12
2026-02-02,East Region,other,38
2026-02-02,North Region,checkout_error,6
2026-02-02,North Region,shipping_query,18
2026-02-02,North Region,return_request,11
2026-02-02,North Region,other,38
2026-02-03,East Region,checkout_error,9
2026-02-03,East Region,shipping_query,23
2026-02-03,East Region,return_request,11
2026-02-03,East Region,other,45
2026-02-03,North Region,checkout_error,8
2026-02-03,North Region,shipping_query,22
2026-02-03,North Region,return_request,16
2026-02-03,North Region,other,35
2026-02-04,East Region,checkout_error,9
2026-02-04,East Region,shipping_query,20
2026-02-04,East Region,return_request,13
2026-02-04,East Region,other,33
2026-02-04,North Region,checkout_error,9
2026-02-04,North Region,shipping_query,27
2026-02-04,North Region,return_request,11
2026-02-04,North Region,other,31
2026-02-05,East Region,checkout_error,8
2026-02-05,East Region,shipping_query,26
2026-02-05,East Region,return_request,11
2026-02-05,East Region,other,41
2026-02-05,North Region,checkout_error,4
2026-02-05,North Region,shipping_query,16
2026-02-05,North Region,return_request,14
2026-02-05,North Region,other,23
2026-02-06,East Region,checkout_error,6
2026-02-06,East Region,shipping_query,19
2026-02-06,East Region,return_request,15
2026-02-06,East Region,other,28
2026-02-06,North Region,checkout_error,8
2026-02-06,North Region,shipping_query,18
2026-02-06,North Region,return_request,16
2026-02-06,North Region,other,27
2026-02-07,East Region,checkout_error,5
2026-02-07,East Region,shipping_query,26
2026-02-07,East Region,return_request,12
2026-02-07,East Region,other,40
2026-02-07,North Region,checkout_error,5
2026-02-07,North Region,shipping_query,23
2026-02-07,North Region,return_request,15
2026-02-07,North Region,other,32
2026-02-08,East Region,checkout_error,11
2026-02-08,East Region,shipping_query,21
2026-02-08,East Region,return_request,16
2026-02-08,East Region,other,44
2026-02-08,North Region,checkout_error,10
2026-02-08,North Region,shipping_query,32
2026-02-08,North Region,return_request,12
2026-02-08,North Region,other,32
2026-02-09,East Region,checkout_error,7
2026-02-09,East Region,shipping_query,31
2026-02-09,East Region,return_request,13
2026-02-09,East Region,other,32
2026-02-09,North Region,checkout_error,7
2026-02-09,North Region,shipping_query,28
2026-02-09,North Region,return_request,12
2026-02-09,North Region,other,28
2026-02-10,East Region,checkout_error,8
2026-02-10,East Region,shipping_query,18
2026-02-10,East Region,return_request,12
2026-02-10,East Region,other,31
2026-02-10,North Region,checkout_error,8
2026-02-10,North Region,shipping_query,20
2026-02-10,North Region,return_request,10
2026-02-10,North Region,other,22
2026-02-11,East Region,checkout_error,7
2026-02-11,East Region,shipping_query,17
2026-02-11,East Region,return_request,16
2026-02-11,East Region,other,23
2026-02-11,North Region,checkout_error,8
2026-02-11,North Region,shipping_query,23
2026-02-11,North Region,return_request,13
2026-02-11,North Region,other,33
2026-02-12,East Region,checkout_error,7
2026-02-12,East Region,shipping_query,16
2026-02-12,East Region,return_request,13
2026-02-12,East Region,other,34
2026-02-12,North Region,checkout_error,7
2026-02-12,North Region,shipping_query,27
2026-02-12,North Region,return_request,14
2026-02-12,North Region,other,28
2026-02-13,East Region,checkout_error,9
2026-02-13,East Region,shipping_query,20
2026-02-13,East Region,return_request,15
2026-02-13,East Region,other,37
2026-02-13,North Region,checkout_error,8
2026-02-13,North Region,shipping_query,24
2026-02-13,North Region,return_request,13
2026-02-13,North Region,other,34
2026-02-14,East Region,checkout_error,11
2026-02-14,East Region,shipping_query,29
2026-02-14,East Region,return_request,11
2026-02-14,East Region,other,28
2026-02-14,North Region,checkout_error,9
2026-02-14,North Region,shipping_query,14
2026-02-14,North Region,return_request,10
2026-02-14,North Region,other,38
2026-02-15,East Region,checkout_error,8
2026-02-15,East Region,shipping_query,24
2026-02-15,East Region,return_request,16
2026-02-15,East Region,other,25
2026-02-15,North Region,checkout_error,7
2026-02-15,North Region,shipping_query,13
2026-02-15,North Region,return_request,8
2026-02-15,North Region,other,46
2026-02-16,East Region,checkout_error,8
2026-02-16,East Region,shipping_query,20
2026-02-16,East Region,return_request,9
2026-02-16,East Region,other,36
2026-02-16,North Region,checkout_error,13
2026-02-16,North Region,shipping_query,29
2026-02-16,North Region,return_request,18
2026-02-16,North Region,other,25
2026-02-17,East Region,checkout_error,8
2026-02-17,East Region,shipping_query,11
2026-02-17,East Region,return_request,19
2026-02-17,East Region,other,38
2026-02-17,North Region,checkout_error,8
2026-02-17,North Region,shipping_query,22
2026-02-17,North Region,return_request,16
2026-02-17,North Region,other,32
2026-02-18,East Region,checkout_error,8
2026-02-18,East Region,shipping_query,20
2026-02-18,East Region,return_request,16
2026-02-18,East Region,other,34
2026-02-18,North Region,checkout_error,6
2026-02-18,North Region,shipping_query,25
2026-02-18,North Region,return_request,15
2026-02-18,North Region,other,37
2026-02-19,East Region,checkout_error,5
2026-02-19,East Region,shipping_query,20
2026-02-19,East Region,return_request,17
2026-02-19,East Region,other,45
2026-02-19,North Region,checkout_error,9
2026-02-19,North Region,shipping_query,23
2026-02-19,North Region,return_request,15
2026-02-19,North Region,other,34
2026-02-20,East Region,checkout_error,6
2026-02-20,East Region,shipping_query,21
2026-02-20,East Region,return_request,14
2026-02-20,East Region,other,34
2026-02-20,North Region,checkout_error,9
2026-02-20,North Region,shipping_query,19
2026-02-20,North Region,return_request,14
2026-02-20,North Region,other,40
2026-02-21,East Region,checkout_error,5
2026-02-21,East Region,shipping_query,24
2026-02-21,East Region,return_request,15
2026-02-21,East Region,other,34
2026-02-21,North Region,checkout_error,10
2026-02-21,North Region,shipping_query,14
2026-02-21,North Region,return_request,13
2026-02-21,North Region,other,27
2026-02-22,East Region,checkout_error,6
2026-02-22,East Region,shipping_query,25
2026-02-22,East Region,return_request,18
2026-02-22,East Region,other,36
2026-02-22,North Region,checkout_error,7
2026-02-22,North Region,shipping_query,27
2026-02-22,North Region,return_request,16
2026-02-22,North Region,other,34
2026-02-23,East Region,checkout_error,11
2026-02-23,East Region,shipping_query,21
2026-02-23,East Region,return_request,14
2026-02-23,East Region,other,35
2026-02-23,North Region,checkout_error,5
2026-02-23,North Region,shipping_query,23
2026-02-23,North Region,return_request,9
2026-02-23,North Region,other,24
2026-02-24,East Region,checkout_error,10
2026-02-24,East Region,shipping_query,23
2026-02-24,East Region,return_request,16
2026-02-24,East Region,other,34
2026-02-24,North Region,checkout_error,7
2026-02-24,North Region,shipping_query,24
2026-02-24,North Region,return_request,15
2026-02-24,North Region,other,36
2026-02-25,East Region,checkout_error,6
2026-02-25,East Region,shipping_query,12
2026-02-25,East Region,return_request,15
2026-02-25,East Region,other,34
2026-02-25,North Region,checkout_error,9
2026-02-25,North Region,shipping_query,19
2026-02-25,North Region,return_request,16
2026-02-25,North Region,other,27
2026-02-26,East Region,checkout_error,8
2026-02-26,East Region,shipping_query,29
2026-02-26,East Region,return_request,16
2026-02-26,East Region,other,35
2026-02-26,North Region,checkout_error,7
2026-02-26,North Region,shipping_query,29
2026-02-26,North Region,return_request,14
2026-02-26,North Region,other,35
2026-02-27,East Region,checkout_error,7
2026-02-27,East Region,shipping_query,16
2026-02-27,East Region,return_request,15
2026-02-27,East Region,other,35
2026-02-27,North Region,checkout_error,6
2026-02-27,North Region,shipping_query,17
2026-02-27,North Region,return_request,13
2026-02-27,North Region,other,20
2026-02-28,East Region,checkout_error,7
2026-02-28,East Region,shipping_query,23
2026-02-28,East Region,return_request,16
2026-02-28,East Region,other,41
2026-02-28,North Region,checkout_error,7
2026-02-28,North Region,shipping_query,18
2026-02-28,North Region,return_request,14
2026-02-28,North Region,other,37
2026-03-01,East Region,checkout_error,8
2026-03-01,East Region,shipping_query,17
2026-03-01,East Region,return_request,12
2026-03-01,East Region,other,44
2026-03-01,North Region,checkout_error,9
2026-03-01,North Region,shipping_query,28
2026-03-01,North Region,return_request,12
2026-03-01,North Region,other,35
2026-03-02,East Region,checkout_error,8
2026-03-02,East Region,shipping_query,21
2026-03-02,East Region,return_request,9
2026-03-02,East Region,other,34
2026-03-02,North Region,checkout_error,9
2026-03-02,North Region,shipping_query,24
2026-03-02,North Region,return_request,13
2026-03-02,North Region,other,29
2026-03-03,East Region,checkout_error,9
2026-03-03,East Region,shipping_query,14
2026-03-03,East Region,return_request,19
2026-03-03,East Region,other,37
2026-03-03,North Region,checkout_error,5
2026-03-03,North Region,shipping_query,26
2026-03-03,North Region,return_request,16
2026-03-03,North Region,other,35
2026-03-04,East Region,checkout_error,6
2026-03-04,East Region,shipping_query,19
2026-03-04,East Region,return_request,18
2026-03-04,East Region,other,30
2026-03-04,North Region,checkout_error,11
2026-03-04,North Region,shipping_query,15
2026-03-04,North Region,return_request,15
2026-03-04,North Region,other,37
2026-03-05,East Region,checkout_error,6
2026-03-05,East Region,shipping_query,18
2026-03-05,East Region,return_request,11
2026-03-05,East Region,other,39
2026-03-05,North Region,checkout_error,5
2026-03-05,North Region,shipping_query,21
2026-03-05,North Region,return_request,12
2026-03-05,North Region,other,31
2026-03-06,East Region,checkout_error,5
2026-03-06,East Region,shipping_query,22
2026-03-06,East Region,return_request,9
2026-03-06,East Region,other,41
2026-03-06,North Region,checkout_error,10
2026-03-06,North Region,shipping_query,24
2026-03-06,North Region,return_request,13
2026-03-06,North Region,other,28
2026-03-07,East Region,checkout_error,7
2026-03-07,East Region,shipping_query,17
2026-03-07,East Region,return_request,11
2026-03-07,East Region,other,35
2026-03-07,North Region,checkout_error,5
2026-03-07,North Region,shipping_query,27
2026-03-07,North Region,return_request,16
2026-03-07,North Region,other,38
2026-03-08,East Region,checkout_error,6
2026-03-08,East Region,shipping_query,31
2026-03-08,East Region,return_request,13
2026-03-08,East Region,other,26
2026-03-08,North Region,checkout_error,7
2026-03-08,North Region,shipping_query,20
2026-03-08,North Region,return_request,11
2026-03-08,North Region,other,30
2026-03-09,East Region,checkout_error,7
2026-03-09,East Region,shipping_query,24
2026-03-09,East Region,return_request,12
2026-03-09,East Region,other,30
2026-03-09,North Region,checkout_error,7
2026-03-09,North Region,shipping_query,25
2026-03-09,North Region,return_request,18
2026-03-09,North Region,other,32
2026-03-10,East Region,checkout_error,8
2026-03-10,East Region,shipping_query,23
2026-03-10,East Region,return_request,7
2026-03-10,East Region,other,30
2026-03-10,North Region,checkout_error,5
2026-03-10,North Region,shipping_query,13
2026-03-10,North Region,return_request,12
2026-03-10,North Region,other,35
2026-03-11,East Region,checkout_error,6
2026-03-11,East Region,shipping_query,21
2026-03-11,East Region,return_request,13
2026-03-11,East Region,other,28
2026-03-11,North Region,checkout_error,7
2026-03-11,North Region,shipping_query,26
2026-03-11,North Region,return_request,20
2026-03-11,North Region,other,44
2026-03-12,East Region,checkout_error,7
2026-03-12,East Region,shipping_query,26
2026-03-12,East Region,return_request,13
2026-03-12,East Region,other,24
2026-03-12,North Region,checkout_error,9
2026-03-12,North Region,shipping_query,12
2026-03-12,North Region,return_request,10
2026-03-12,North Region,other,37
2026-03-13,East Region,checkout_error,8
2026-03-13,East Region,shipping_query,25
2026-03-13,East Region,return_request,15
2026-03-13,East Region,other,36
2026-03-13,North Region,checkout_error,8
2026-03-13,North Region,shipping_query,17
2026-03-13,North Region,return_request,10
2026-03-13,North Region,other,47
2026-03-14,East Region,checkout_error,6
2026-03-14,East Region,shipping_query,18
2026-03-14,East Region,return_request,7
2026-03-14,East Region,other,36
2026-03-14,North Region,checkout_error,10
2026-03-14,North Region,shipping_query,20
2026-03-14,North Region,return_request,14
2026-03-14,North Region,other,30
2026-03-15,East Region,checkout_error,5
2026-03-15,East Region,shipping_query,23
2026-03-15,East Region,return_request,12
2026-03-15,East Region,other,29
2026-03-15,North Region,checkout_error,9
2026-03-15,North Region,shipping_query,21
2026-03-15,North Region,return_request,11
2026-03-15,North Region,other,36
2026-03-16,East Region,checkout_error,8
2026-03-16,East Region,shipping_query,25
2026-03-16,East Region,return_request,14
2026-03-16,East Region,other,29
2026-03-16,North Region,checkout_error,7
2026-03-16,North Region,shipping_query,29
2026-03-16,North Region,return_request,12
2026-03-16,North Region,other,34
2026-03-17,East Region,checkout_error,9
2026-03-17,East Region,shipping_query,25
2026-03-17,East Region,return_request,20
2026-03-17,East Region,other,30
2026-03-17,North Region,checkout_error,8
2026-03-17,North Region,shipping_query,33
2026-03-17,North Region,return_request,12
2026-03-17,North Region,other,42
2026-03-18,East Region,checkout_error,5
2026-03-18,East Region,shipping_query,24
2026-03-18,East Region,return_request,16
2026-03-18,East Region,other,38
2026-03-18,North Region,checkout_error,10
2026-03-18,North Region,shipping_query,17
2026-03-18,North Region,return_request,13
2026-03-18,North Region,other,30
2026-03-19,East Region,checkout_error,6
2026-03-19,East Region,shipping_query,22
2026-03-19,East Region,return_request,16
2026-03-19,East Region,other,35
2026-03-19,North Region,checkout_error,5
2026-03-19,North Region,shipping_query,23
2026-03-19,North Region,return_request,11
2026-03-19,North Region,other,31
2026-03-20,East Region,checkout_error,9
2026-03-20,East Region,shipping_query,26
2026-03-20,East Region,return_request,5
2026-03-20,East Region,other,34
2026-03-20,North Region,checkout_error,5
2026-03-20,North Region,shipping_query,22
2026-03-20,North Region,return_request,13
2026-03-20,North Region,other,37
2026-03-21,East Region,checkout_error,8
2026-03-21,East Region,shipping_query,26
2026-03-21,East Region,return_request,19
2026-03-21,East Region,other,24
2026-03-21,North Region,checkout_error,6
2026-03-21,North Region,shipping_query,27
2026-03-21,North Region,return_request,14
2026-03-21,North Region,other,18
2026-03-22,East Region,checkout_error,6
2026-03-22,East Region,shipping_query,21
2026-03-22,East Region,return_request,14
2026-03-22,East Region,other,36
2026-03-22,North Region,checkout_error,10
2026-03-22,North Region,shipping_query,24
2026-03-22,North Region,return_request,13
2026-03-22,North Region,other,41
2026-03-23,East Region,checkout_error,4
2026-03-23,East Region,shipping_query,19
2026-03-23,East Region,return_request,15
2026-03-23,East Region,other,38
2026-03-23,North Region,checkout_error,9
2026-03-23,North Region,shipping_query,27
2026-03-23,North Region,return_request,11
2026-03-23,North Region,other,29
2026-03-24,East Region,checkout_error,6
2026-03-24,East Region,shipping_query,22
2026-03-24,East Region,return_request,12
2026-03-24,East Region,other,33
2026-03-24,North Region,checkout_error,8
2026-03-24,North Region,shipping_query,18
2026-03-24,North Region,return_request,20
2026-03-24,North Region,other,33
2026-03-25,East Region,checkout_error,4
2026-03-25,East Region,shipping_query,16
2026-03-25,East Region,return_request,15
2026-03-25,East Region,other,34
2026-03-25,North Region,checkout_error,8
2026-03-25,North Region,shipping_query,18
2026-03-25,North Region,return_request,12
2026-03-25,North Region,other,38
2026-03-26,East Region,checkout_error,6
2026-03-26,East Region,shipping_query,20
2026-03-26,East Region,return_request,14
2026-03-26,East Region,other,27
2026-03-26,North Region,checkout_error,9
2026-03-26,North Region,shipping_query,22
2026-03-26,North Region,return_request,11
2026-03-26,North Region,other,29
2026-03-27,East Region,checkout_error,9
2026-03-27,East Region,shipping_query,13
2026-03-27,East Region,return_request,9
2026-03-27,East Region,other,42
2026-03-27,North Region,checkout_error,11
2026-03-27,North Region,shipping_query,20
2026-03-27,North Region,return_request,11
2026-03-27,North Region,other,37
2026-03-28,East Region,checkout_error,12
2026-03-28,East Region,shipping_query,13
2026-03-28,East Region,return_request,13
2026-03-28,East Region,other,25
2026-03-28,North Region,checkout_error,10
2026-03-28,North Region,shipping_query,18
2026-03-28,North Region,return_request,16
2026-03-28,North Region,other,35
2026-03-29,East Region,checkout_error,11
2026-03-29,East Region,shipping_query,20
2026-03-29,East Region,return_request,15
2026-03-29,East Region,other,41
2026-03-29,North Region,checkout_error,7
2026-03-29,North Region,shipping_query,23
2026-03-29,North Region,return_request,18
2026-03-29,North Region,other,38
2026-03-30,East Region,checkout_error,7
2026-03-30,East Region,shipping_query,21
2026-03-30,East Region,return_request,14
2026-03-30,East Region,other,30
2026-03-30,North Region,checkout_error,8
2026-03-30,North Region,shipping_query,24
2026-03-30,North Region,return_request,14
2026-03-30,North Region,other,36
2026-03-31,East Region,checkout_error,11
2026-03-31,East Region,shipping_query,16
2026-03-31,East Region,return_request,11
2026-03-31,East Region,other,52
2026-03-31,North Region,checkout_error,7
2026-03-31,North Region,shipping_query,18
2026-03-31,North Region,return_request,11
2026-03-31,North Region,other,34
2026-04-01,East Region,checkout_error,6
2026-04-01,East Region,shipping_query,20
2026-04-01,East Region,return_request,11
2026-04-01,East Region,other,34
2026-04-01,North Region,checkout_error,6
2026-04-01,North Region,shipping_query,21
2026-04-01,North Region,return_request,15
2026-04-01,North Region,other,34
2026-04-02,East Region,checkout_error,8
2026-04-02,East Region,shipping_query,22
2026-04-02,East Region,return_request,8
2026-04-02,East Region,other,38
2026-04-02,North Region,checkout_error,12
2026-04-02,North Region,shipping_query,23
2026-04-02,North Region,return_request,12
2026-04-02,North Region,other,34
2026-04-03,East Region,checkout_error,5
2026-04-03,East Region,shipping_query,15
2026-04-03,East Region,return_request,12
2026-04-03,East Region,other,52
2026-04-03,North Region,checkout_error,9
2026-04-03,North Region,shipping_query,19
2026-04-03,North Region,return_request,20
2026-04-03,North Region,other,27
2026-04-04,East Region,checkout_error,7
2026-04-04,East Region,shipping_query,19
2026-04-04,East Region,return_request,7
2026-04-04,East Region,other,30
2026-04-04,North Region,checkout_error,7
2026-04-04,North Region,shipping_query,25
2026-04-04,North Region,return_request,11
2026-04-04,North Region,other,31
2026-04-05,East Region,checkout_error,9
2026-04-05,East Region,shipping_query,14
2026-04-05,East Region,return_request,10
2026-04-05,East Region,other,21
2026-04-05,North Region,checkout_error,8
2026-04-05,North Region,shipping_query,17
2026-04-05,North Region,return_request,17
2026-04-05,North Region,other,39
2026-04-06,East Region,checkout_error,7
2026-04-06,East Region,shipping_query,24
2026-04-06,East Region,return_request,15
2026-04-06,East Region,other,40
2026-04-06,North Region,checkout_error,9
2026-04-06,North Region,shipping_query,26
2026-04-06,North Region,return_request,14
2026-04-06,North Region,other,29
2026-04-07,East Region,checkout_error,7
2026-04-07,East Region,shipping_query,19
2026-04-07,East Region,return_request,13
2026-04-07,East Region,other,24
2026-04-07,North Region,checkout_error,5
2026-04-07,North Region,shipping_query,24
2026-04-07,North Region,return_request,8
2026-04-07,North Region,other,33
2026-04-08,East Region,checkout_error,10
2026-04-08,East Region,shipping_query,24
2026-04-08,East Region,return_request,11
2026-04-08,East Region,other,45
2026-04-08,North Region,checkout_error,8
2026-04-08,North Region,shipping_query,20
2026-04-08,North Region,return_request,14
2026-04-08,North Region,other,30
2026-04-09,East Region,checkout_error,9
2026-04-09,East Region,shipping_query,24
2026-04-09,East Region,return_request,20
2026-04-09,East Region,other,38
2026-04-09,North Region,checkout_error,10
2026-04-09,North Region,shipping_query,21
2026-04-09,North Region,return_request,12
2026-04-09,North Region,other,43
2026-04-10,East Region,checkout_error,10
2026-04-10,East Region,shipping_query,21
2026-04-10,East Region,return_request,10
2026-04-10,East Region,other,29
2026-04-10,North Region,checkout_error,9
2026-04-10,North Region,shipping_query,17
2026-04-10,North Region,return_request,16
2026-04-10,North Region,other,27
2026-04-11,East Region,checkout_error,9
2026-04-11,East Region,shipping_query,16
2026-04-11,East Region,return_request,18
2026-04-11,East Region,other,42
2026-04-11,North Region,checkout_error,10
2026-04-11,North Region,shipping_query,18
2026-04-11,North Region,return_request,13
2026-04-11,North Region,other,47
2026-04-12,East Region,checkout_error,10
2026-04-12,East Region,shipping_query,23
2026-04-12,East Region,return_request,14
2026-04-12,East Region,other,29
2026-04-12,North Region,checkout_error,13
2026-04-12,North Region,shipping_query,27
2026-04-12,North Region,return_request,15
2026-04-12,North Region,other,37
2026-04-13,East Region,checkout_error,6
2026-04-13,East Region,shipping_query,21
2026-04-13,East Region,return_request,14
2026-04-13,East Region,other,29
2026-04-13,North Region,checkout_error,10
2026-04-13,North Region,shipping_query,22
2026-04-13,North Region,return_request,10
2026-04-13,North Region,other,40
2026-04-14,East Region,checkout_error,11
2026-04-14,East Region,shipping_query,26
2026-04-14,East Region,return_request,10
2026-04-14,East Region,other,31
2026-04-14,North Region,checkout_error,7
2026-04-14,North Region,shipping_query,20
2026-04-14,North Region,return_request,10
2026-04-14,North Region,other,32
2026-04-15,East Region,checkout_error,10
2026-04-15,East Region,shipping_query,23
2026-04-15,East Region,return_request,10
2026-04-15,East Region,other,38
2026-04-15,North Region,checkout_error,9
2026-04-15,North Region,shipping_query,20
2026-04-15,North Region,return_request,12
2026-04-15,North Region,other,46
2026-04-16,East Region,checkout_error,7
2026-04-16,East Region,shipping_query,27
2026-04-16,East Region,return_request,12
2026-04-16,East Region,other,35
2026-04-16,North Region,checkout_error,9
2026-04-16,North Region,shipping_query,25
2026-04-16,North Region,return_request,12
2026-04-16,North Region,other,34
2026-04-17,East Region,checkout_error,9
2026-04-17,East Region,shipping_query,20
2026-04-17,East Region,return_request,12
2026-04-17,East Region,other,37
2026-04-17,North Region,checkout_error,7
2026-04-17,North Region,shipping_query,18
2026-04-17,North Region,return_request,15
2026-04-17,North Region,other,35
2026-04-18,East Region,checkout_error,11
2026-04-18,East Region,shipping_query,22
2026-04-18,East Region,return_request,16
2026-04-18,East Region,other,30
2026-04-18,North Region,checkout_error,8
2026-04-18,North Region,shipping_query,28
2026-04-18,North Region,return_request,8
2026-04-18,North Region,other,36
2026-04-19,East Region,checkout_error,8
2026-04-19,East Region,shipping_query,21
2026-04-19,East Region,return_request,10
2026-04-19,East Region,other,32
2026-04-19,North Region,checkout_error,8
2026-04-19,North Region,shipping_query,17
2026-04-19,North Region,return_request,14
2026-04-19,North Region,other,25
2026-04-20,East Region,checkout_error,9
2026-04-20,East Region,shipping_query,22
2026-04-20,East Region,return_request,14
2026-04-20,East Region,other,32
2026-04-20,North Region,checkout_error,7
2026-04-20,North Region,shipping_query,19
2026-04-20,North Region,return_request,21
2026-04-20,North Region,other,39
2026-04-21,East Region,checkout_error,6
2026-04-21,East Region,shipping_query,31
2026-04-21,East Region,return_request,11
2026-04-21,East Region,other,46
2026-04-21,North Region,checkout_error,6
2026-04-21,North Region,shipping_query,22
2026-04-21,North Region,return_request,16
2026-04-21,North Region,other,38
2026-04-22,East Region,checkout_error,5
2026-04-22,East Region,shipping_query,19
2026-04-22,East Region,return_request,12
2026-04-22,East Region,other,36
2026-04-22,North Region,checkout_error,9
2026-04-22,North Region,shipping_query,27
2026-04-22,North Region,return_request,12
2026-04-22,North Region,other,34
2026-04-23,East Region,checkout_error,8
2026-04-23,East Region,shipping_query,22
2026-04-23,East Region,return_request,13
2026-04-23,East Region,other,38
2026-04-23,North Region,checkout_error,8
2026-04-23,North Region,shipping_query,19
2026-04-23,North Region,return_request,14
2026-04-23,North Region,other,37
2026-04-24,East Region,checkout_error,8
2026-04-24,East Region,shipping_query,24
2026-04-24,East Region,return_request,13
2026-04-24,East Region,other,32
2026-04-24,North Region,checkout_error,8
2026-04-24,North Region,shipping_query,21
2026-04-24,North Region,return_request,13
2026-04-24,North Region,other,29
2026-04-25,East Region,checkout_error,8
2026-04-25,East Region,shipping_query,24
2026-04-25,East Region,return_request,11
2026-04-25,East Region,other,45
2026-04-25,North Region,checkout_error,11
2026-04-25,North Region,shipping_query,27
2026-04-25,North Region,return_request,15
2026-04-25,North Region,other,31
2026-04-26,East Region,checkout_error,2
2026-04-26,East Region,shipping_query,21
2026-04-26,East Region,return_request,14
2026-04-26,East Region,other,43
2026-04-26,North Region,checkout_error,5
2026-04-26,North Region,shipping_query,20
2026-04-26,North Region,return_request,16
2026-04-26,North Region,other,40
2026-04-27,East Region,checkout_error,10
2026-04-27,East Region,shipping_query,17
2026-04-27,East Region,return_request,10
2026-04-27,East Region,other,24
2026-04-27,North Region,checkout_error,9
2026-04-27,North Region,shipping_query,19
2026-04-27,North Region,return_request,14
2026-04-27,North Region,other,45
2026-04-28,East Region,checkout_error,8
2026-04-28,East Region,shipping_query,29
2026-04-28,East Region,return_request,15
2026-04-28,East Region,other,38
2026-04-28,North Region,checkout_error,9
2026-04-28,North Region,shipping_query,19
2026-04-28,North Region,return_request,12
2026-04-28,North Region,other,41
2026-04-29,East Region,checkout_error,8
2026-04-29,East Region,shipping_query,19
2026-04-29,East Region,return_request,13
2026-04-29,East Region,other,32
2026-04-29,North Region,checkout_error,8
2026-04-29,North Region,shipping_query,27
2026-04-29,North Region,return_request,10
2026-04-29,North Region,other,24
2026-04-30,East Region,checkout_error,10
2026-04-30,East Region,shipping_query,24
2026-04-30,East Region,return_request,11
2026-04-30,East Region,other,42
2026-04-30,North Region,checkout_error,8
2026-04-30,North Region,shipping_query,23
2026-04-30,North Region,return_request,13
2026-04-30,North Region,other,33
2026-05-01,East Region,checkout_error,7
2026-05-01,East Region,shipping_query,22
2026-05-01,East Region,return_request,12
2026-05-01,East Region,other,39
2026-05-01,North Region,checkout_error,8
2026-05-01,North Region,shipping_query,17
2026-05-01,North Region,return_request,11
2026-05-01,North Region,other,34
2026-05-02,East Region,checkout_error,9
2026-05-02,East Region,shipping_query,20
2026-05-02,East Region,return_request,9
2026-05-02,East Region,other,27
2026-05-02,North Region,checkout_error,8
2026-05-02,North Region,shipping_query,20
2026-05-02,North Region,return_request,9
2026-05-02,North Region,other,25
2026-05-03,East Region,checkout_error,9
2026-05-03,East Region,shipping_query,19
2026-05-03,East Region,return_request,19
2026-05-03,East Region,other,25
2026-05-03,North Region,checkout_error,7
2026-05-03,North Region,shipping_query,23
2026-05-03,North Region,return_request,15
2026-05-03,North Region,other,44
2026-05-04,East Region,checkout_error,8
2026-05-04,East Region,shipping_query,28
2026-05-04,East Region,return_request,11
2026-05-04,East Region,other,35
2026-05-04,North Region,checkout_error,12
2026-05-04,North Region,shipping_query,17
2026-05-04,North Region,return_request,15
2026-05-04,North Region,other,28
2026-05-05,East Region,checkout_error,7
2026-05-05,East Region,shipping_query,30
2026-05-05,East Region,return_request,12
2026-05-05,East Region,other,32
2026-05-05,North Region,checkout_error,7
2026-05-05,North Region,shipping_query,22
2026-05-05,North Region,return_request,17
2026-05-05,North Region,other,34
2026-05-06,East Region,checkout_error,5
2026-05-06,East Region,shipping_query,23
2026-05-06,East Region,return_request,16
2026-05-06,East Region,other,37
2026-05-06,North Region,checkout_error,9
2026-05-06,North Region,shipping_query,21
2026-05-06,North Region,return_request,16
2026-05-06,North Region,other,49
2026-05-07,East Region,checkout_error,6
2026-05-07,East Region,shipping_query,21
2026-05-07,East Region,return_request,10
2026-05-07,East Region,other,42
2026-05-07,North Region,checkout_error,10
2026-05-07,North Region,shipping_query,17
2026-05-07,North Region,return_request,13
2026-05-07,North Region,other,20
2026-05-08,East Region,checkout_error,10
2026-05-08,East Region,shipping_query,23
2026-05-08,East Region,return_request,6
2026-05-08,East Region,other,35
2026-05-08,North Region,checkout_error,8
2026-05-08,North Region,shipping_query,26
2026-05-08,North Region,return_request,12
2026-05-08,North Region,other,34
2026-05-09,East Region,checkout_error,11
2026-05-09,East Region,shipping_query,16
2026-05-09,East Region,return_request,11
2026-05-09,East Region,other,39
2026-05-09,North Region,checkout_error,8
2026-05-09,North Region,shipping_query,27
2026-05-09,North Region,return_request,14
2026-05-09,North Region,other,27
2026-05-10,East Region,checkout_error,5
2026-05-10,East Region,shipping_query,15
2026-05-10,East Region,return_request,11
2026-05-10,East Region,other,41
2026-05-10,North Region,checkout_error,9
2026-05-10,North Region,shipping_query,20
2026-05-10,North Region,return_request,12
2026-05-10,North Region,other,37
2026-05-11,East Region,checkout_error,5
2026-05-11,East Region,shipping_query,15
2026-05-11,East Region,return_request,13
2026-05-11,East Region,other,33
2026-05-11,North Region,checkout_error,8
2026-05-11,North Region,shipping_query,17
2026-05-11,North Region,return_request,14
2026-05-11,North Region,other,28
2026-05-12,East Region,checkout_error,1
2026-05-12,East Region,shipping_query,22
2026-05-12,East Region,return_request,15
2026-05-12,East Region,other,36
2026-05-12,North Region,checkout_error,12
2026-05-12,North Region,shipping_query,20
2026-05-12,North Region,return_request,15
2026-05-12,North Region,other,34
2026-05-13,East Region,checkout_error,7
2026-05-13,East Region,shipping_query,19
2026-05-13,East Region,return_request,18
2026-05-13,East Region,other,47
2026-05-13,North Region,checkout_error,7
2026-05-13,North Region,shipping_query,29
2026-05-13,North Region,return_request,14
2026-05-13,North Region,other,23
2026-05-14,East Region,checkout_error,7
2026-05-14,East Region,shipping_query,15
2026-05-14,East Region,return_request,16
2026-05-14,East Region,other,41
2026-05-14,North Region,checkout_error,9
2026-05-14,North Region,shipping_query,26
2026-05-14,North Region,return_request,17
2026-05-14,North Region,other,43
2026-05-15,East Region,checkout_error,11
2026-05-15,East Region,shipping_query,27
2026-05-15,East Region,return_request,19
2026-05-15,East Region,other,38
2026-05-15,North Region,checkout_error,9
2026-05-15,North Region,shipping_query,15
2026-05-15,North Region,return_request,15
2026-05-15,North Region,other,29
2026-05-16,East Region,checkout_error,5
2026-05-16,East Region,shipping_query,21
2026-05-16,East Region,return_request,14
2026-05-16,East Region,other,37
2026-05-16,North Region,checkout_error,8
2026-05-16,North Region,shipping_query,16
2026-05-16,North Region,return_request,10
2026-05-16,North Region,other,31
2026-05-17,East Region,checkout_error,11
2026-05-17,East Region,shipping_query,20
2026-05-17,East Region,return_request,8
2026-05-17,East Region,other,30
2026-05-17,North Region,checkout_error,9
2026-05-17,North Region,shipping_query,13
2026-05-17,North Region,return_request,14
2026-05-17,North Region,other,45
2026-05-18,East Region,checkout_error,5
2026-05-18,East Region,shipping_query,17
2026-05-18,East Region,return_request,14
2026-05-18,East Region,other,42
2026-05-18,North Region,checkout_error,8
2026-05-18,North Region,shipping_query,16
2026-05-18,North Region,return_request,8
2026-05-18,North Region,other,34
2026-05-19,East Region,checkout_error,10
2026-05-19,East Region,shipping_query,25
2026-05-19,East Region,return_request,18
2026-05-19,East Region,other,35
2026-05-19,North Region,checkout_error,9
2026-05-19,North Region,shipping_query,24
2026-05-19,North Region,return_request,17
2026-05-19,North Region,other,43
2026-05-20,East Region,checkout_error,7
2026-05-20,East Region,shipping_query,17
2026-05-20,East Region,return_request,17
2026-05-20,East Region,other,25
2026-05-20,North Region,checkout_error,9
2026-05-20,North Region,shipping_query,19
2026-05-20,North Region,return_request,14
2026-05-20,North Region,other,39
2026-05-21,East Region,checkout_error,7
2026-05-21,East Region,shipping_query,23
2026-05-21,East Region,return_request,16
2026-05-21,East Region,other,39
2026-05-21,North Region,checkout_error,9
2026-05-21,North Region,shipping_query,21
2026-05-21,North Region,return_request,18
2026-05-21,North Region,other,32
2026-05-22,East Region,checkout_error,9
2026-05-22,East Region,shipping_query,19
2026-05-22,East Region,return_request,11
2026-05-22,East Region,other,42
2026-05-22,North Region,checkout_error,5
2026-05-22,North Region,shipping_query,14
2026-05-22,North Region,return_request,15
2026-05-22,North Region,other,30
2026-05-23,East Region,checkout_error,6
2026-05-23,East Region,shipping_query,17
2026-05-23,East Region,return_request,10
2026-05-23,East Region,other,43
2026-05-23,North Region,checkout_error,8
2026-05-23,North Region,shipping_query,29
2026-05-23,North Region,return_request,11
2026-05-23,North Region,other,52
2026-05-24,East Region,checkout_error,12
2026-05-24,East Region,shipping_query,30
2026-05-24,East Region,return_request,13
2026-05-24,East Region,other,40
2026-05-24,North Region,checkout_error,8
2026-05-24,North Region,shipping_query,14
2026-05-24,North Region,return_request,17
2026-05-24,North Region,other,28
2026-05-25,East Region,checkout_error,9
2026-05-25,East Region,shipping_query,22
2026-05-25,East Region,return_request,18
2026-05-25,East Region,other,28
2026-05-25,North Region,checkout_error,6
2026-05-25,North Region,shipping_query,23
2026-05-25,North Region,return_request,17
2026-05-25,North Region,other,22
2026-05-26,East Region,checkout_error,7
2026-05-26,East Region,shipping_query,25
2026-05-26,East Region,return_request,14
2026-05-26,East Region,other,25
2026-05-26,North Region,checkout_error,8
2026-05-26,North Region,shipping_query,21
2026-05-26,North Region,return_request,20
2026-05-26,North Region,other,32
2026-05-27,East Region,checkout_error,11
2026-05-27,East Region,shipping_query,25
2026-05-27,East Region,return_request,15
2026-05-27,East Region,other,39
2026-05-27,North Region,checkout_error,6
2026-05-27,North Region,shipping_query,26
2026-05-27,North Region,return_request,16
2026-05-27,North Region,other,37
2026-05-28,East Region,checkout_error,5
2026-05-28,East Region,shipping_query,19
2026-05-28,East Region,return_request,23
2026-05-28,East Region,other,40
2026-05-28,North Region,checkout_error,8
2026-05-28,North Region,shipping_query,23
2026-05-28,North Region,return_request,14
2026-05-28,North Region,other,34
2026-05-29,East Region,checkout_error,6
2026-05-29,East Region,shipping_query,29
2026-05-29,East Region,return_request,11
2026-05-29,East Region,other,31
2026-05-29,North Region,checkout_error,8
2026-05-29,North Region,shipping_query,21
2026-05-29,North Region,return_request,14
2026-05-29,North Region,other,35
2026-05-30,East Region,checkout_error,10
2026-05-30,East Region,shipping_query,25
2026-05-30,East Region,return_request,13
2026-05-30,East Region,other,27
2026-05-30,North Region,checkout_error,8
2026-05-30,North Region,shipping_query,22
2026-05-30,North Region,return_request,15
2026-05-30,North Region,other,32
2026-05-31,East Region,checkout_error,8
2026-05-31,East Region,shipping_query,20
2026-05-31,East Region,return_request,10
2026-05-31,East Region,other,33
2026-05-31,North Region,checkout_error,8
2026-05-31,North Region,shipping_query,17
2026-05-31,North Region,return_request,15
2026-05-31,North Region,other,42
2026-06-01,East Region,checkout_error,6
2026-06-01,East Region,shipping_query,23
2026-06-01,East Region,return_request,9
2026-06-01,East Region,other,28
2026-06-01,North Region,checkout_error,4
2026-06-01,North Region,shipping_query,16
2026-06-01,North Region,return_request,17
2026-06-01,North Region,other,33
2026-06-02,East Region,checkout_error,11
2026-06-02,East Region,shipping_query,23
2026-06-02,East Region,return_request,17
2026-06-02,East Region,other,39
2026-06-02,North Region,checkout_error,8
2026-06-02,North Region,shipping_query,31
2026-06-02,North Region,return_request,15
2026-06-02,North Region,other,31
2026-06-03,East Region,checkout_error,6
2026-06-03,East Region,shipping_query,21
2026-06-03,East Region,return_request,13
2026-06-03,East Region,other,38
2026-06-03,North Region,checkout_error,9
2026-06-03,North Region,shipping_query,22
2026-06-03,North Region,return_request,18
2026-06-03,North Region,other,36
2026-06-04,East Region,checkout_error,7
2026-06-04,East Region,shipping_query,23
2026-06-04,East Region,return_request,11
2026-06-04,East Region,other,27
2026-06-04,North Region,checkout_error,8
2026-06-04,North Region,shipping_query,22
2026-06-04,North Region,return_request,12
2026-06-04,North Region,other,32
2026-06-05,East Region,checkout_error,9
2026-06-05,East Region,shipping_query,21
2026-06-05,East Region,return_request,13
2026-06-05,East Region,other,40
2026-06-05,North Region,checkout_error,8
2026-06-05,North Region,shipping_query,18
2026-06-05,North Region,return_request,15
2026-06-05,North Region,other,30
2026-06-06,East Region,checkout_error,4
2026-06-06,East Region,shipping_query,17
2026-06-06,East Region,return_request,19
2026-06-06,East Region,other,35
2026-06-06,North Region,checkout_error,8
2026-06-06,North Region,shipping_query,16
2026-06-06,North Region,return_request,11
2026-06-06,North Region,other,41
2026-06-07,East Region,checkout_error,10
2026-06-07,East Region,shipping_query,20
2026-06-07,East Region,return_request,13
2026-06-07,East Region,other,36
2026-06-07,North Region,checkout_error,6
2026-06-07,North Region,shipping_query,16
2026-06-07,North Region,return_request,20
2026-06-07,North Region,other,28
2026-06-08,East Region,checkout_error,7
2026-06-08,East Region,shipping_query,34
2026-06-08,East Region,return_request,22
2026-06-08,East Region,other,31
2026-06-08,North Region,checkout_error,8
2026-06-08,North Region,shipping_query,17
2026-06-08,North Region,return_request,14
2026-06-08,North Region,other,31
2026-06-09,East Region,checkout_error,6
2026-06-09,East Region,shipping_query,23
2026-06-09,East Region,return_request,14
2026-06-09,East Region,other,35
2026-06-09,North Region,checkout_error,4
2026-06-09,North Region,shipping_query,17
2026-06-09,North Region,return_request,15
2026-06-09,North Region,other,36
2026-06-10,East Region,checkout_error,8
2026-06-10,East Region,shipping_query,32
2026-06-10,East Region,return_request,16
2026-06-10,East Region,other,41
2026-06-10,North Region,checkout_error,11
2026-06-10,North Region,shipping_query,23
2026-06-10,North Region,return_request,8
2026-06-10,North Region,other,44
2026-06-11,East Region,checkout_error,7
2026-06-11,East Region,shipping_query,23
2026-06-11,East Region,return_request,11
2026-06-11,East Region,other,28
2026-06-11,North Region,checkout_error,10
2026-06-11,North Region,shipping_query,30
2026-06-11,North Region,return_request,12
2026-06-11,North Region,other,32
2026-06-12,East Region,checkout_error,11
2026-06-12,East Region,shipping_query,23
2026-06-12,East Region,return_request,15
2026-06-12,East Region,other,40
2026-06-12,North Region,checkout_error,10
2026-06-12,North Region,shipping_query,27
2026-06-12,North Region,return_request,7
2026-06-12,North Region,other,36
2026-06-13,East Region,checkout_error,5
2026-06-13,East Region,shipping_query,23
2026-06-13,East Region,return_request,13
2026-06-13,East Region,other,37
2026-06-13,North Region,checkout_error,7
2026-06-13,North Region,shipping_query,15
2026-06-13,North Region,return_request,15
2026-06-13,North Region,other,43
2026-06-14,East Region,checkout_error,8
2026-06-14,East Region,shipping_query,20
2026-06-14,East Region,return_request,16
2026-06-14,East Region,other,39
2026-06-14,North Region,checkout_error,6
2026-06-14,North Region,shipping_query,18
2026-06-14,North Region,return_request,22
2026-06-14,North Region,other,38
2026-06-15,East Region,checkout_error,9
2026-06-15,East Region,shipping_query,14
2026-06-15,East Region,return_request,8
2026-06-15,East Region,other,36
2026-06-15,North Region,checkout_error,6
2026-06-15,North Region,shipping_query,25
2026-06-15,North Region,return_request,14
2026-06-15,North Region,other,37
2026-06-16,East Region,checkout_error,9
2026-06-16,East Region,shipping_query,19
2026-06-16,East Region,return_request,20
2026-06-16,East Region,other,34
2026-06-16,North Region,checkout_error,9
2026-06-16,North Region,shipping_query,26
2026-06-16,North Region,return_request,19
2026-06-16,North Region,other,39
2026-06-17,East Region,checkout_error,10
2026-06-17,East Region,shipping_query,27
2026-06-17,East Region,return_request,14
2026-06-17,East Region,other,27
2026-06-17,North Region,checkout_error,10
2026-06-17,North Region,shipping_query,22
2026-06-17,North Region,return_request,12
2026-06-17,North Region,other,27
2026-06-18,East Region,checkout_error,7
2026-06-18,East Region,shipping_query,24
2026-06-18,East Region,return_request,10
2026-06-18,East Region,other,42
2026-06-18,North Region,checkout_error,7
2026-06-18,North Region,shipping_query,22
2026-06-18,North Region,return_request,16
2026-06-18,North Region,other,29
2026-06-19,East Region,checkout_error,6
2026-06-19,East Region,shipping_query,14
2026-06-19,East Region,return_request,14
2026-06-19,East Region,other,21
2026-06-19,North Region,checkout_error,5
2026-06-19,North Region,shipping_query,25
2026-06-19,North Region,return_request,13
2026-06-19,North Region,other,41
2026-06-20,East Region,checkout_error,9
2026-06-20,East Region,shipping_query,15
2026-06-20,East Region,return_request,21
2026-06-20,East Region,other,46
2026-06-20,North Region,checkout_error,9
2026-06-20,North Region,shipping_query,22
2026-06-20,North Region,return_request,19
2026-06-20,North Region,other,40
2026-06-21,East Region,checkout_error,7
2026-06-21,East Region,shipping_query,26
2026-06-21,East Region,return_request,9
2026-06-21,East Region,other,33
2026-06-21,North Region,checkout_error,6
2026-06-21,North Region,shipping_query,20
2026-06-21,North Region,return_request,16
2026-06-21,North Region,other,46
2026-06-22,East Region,checkout_error,8
2026-06-22,East Region,shipping_query,26
2026-06-22,East Region,return_request,15
2026-06-22,East Region,other,45
2026-06-22,North Region,checkout_error,9
2026-06-22,North Region,shipping_query,25
2026-06-22,North Region,return_request,10
2026-06-22,North Region,other,30
2026-06-23,East Region,checkout_error,3
2026-06-23,East Region,shipping_query,20
2026-06-23,East Region,return_request,13
2026-06-23,East Region,other,29
2026-06-23,North Region,checkout_error,9
2026-06-23,North Region,shipping_query,22
2026-06-23,North Region,return_request,13
2026-06-23,North Region,other,35
2026-06-24,East Region,checkout_error,10
2026-06-24,East Region,shipping_query,22
2026-06-24,East Region,return_request,13
2026-06-24,East Region,other,42
2026-06-24,North Region,checkout_error,4
2026-06-24,North Region,shipping_query,24
2026-06-24,North Region,return_request,12
2026-06-24,North Region,other,26
2026-06-25,East Region,checkout_error,8
2026-06-25,East Region,shipping_query,21
2026-06-25,East Region,return_request,11
2026-06-25,East Region,other,28
2026-06-25,North Region,checkout_error,7
2026-06-25,North Region,shipping_query,21
2026-06-25,North Region,return_request,17
2026-06-25,North Region,other,33
2026-06-26,East Region,checkout_error,9
2026-06-26,East Region,shipping_query,22
2026-06-26,East Region,return_request,19
2026-06-26,East Region,other,53
2026-06-26,North Region,checkout_error,7
2026-06-26,North Region,shipping_query,27
2026-06-26,North Region,return_request,11
2026-06-26,North Region,other,31
2026-06-27,East Region,checkout_error,11
2026-06-27,East Region,shipping_query,15
2026-06-27,East Region,return_request,15
2026-06-27,East Region,other,34
2026-06-27,North Region,checkout_error,9
2026-06-27,North Region,shipping_query,24
2026-06-27,North Region,return_request,10
2026-06-27,North Region,other,41
2026-06-28,East Region,checkout_error,8
2026-06-28,East Region,shipping_query,23
2026-06-28,East Region,return_request,15
2026-06-28,East Region,other,37
2026-06-28,North Region,checkout_error,7
2026-06-28,North Region,shipping_query,24
2026-06-28,North Region,return_request,13
2026-06-28,North Region,other,33
2026-06-29,East Region,checkout_error,7
2026-06-29,East Region,shipping_query,25
2026-06-29,East Region,return_request,19
2026-06-29,East Region,other,35
2026-06-29,North Region,checkout_error,10
2026-06-29,North Region,shipping_query,21
2026-06-29,North Region,return_request,11
2026-06-29,North Region,other,36
2026-06-30,East Region,checkout_error,8
2026-06-30,East Region,shipping_query,19
2026-06-30,East Region,return_request,14
2026-06-30,East Region,other,38
2026-06-30,North Region,checkout_error,8
2026-06-30,North Region,shipping_query,18
2026-06-30,North Region,return_request,10
2026-06-30,North Region,other,40
2026-07-01,East Region,checkout_error,6
2026-07-01,East Region,shipping_query,13
2026-07-01,East Region,return_request,11
2026-07-01,East Region,other,36
2026-07-01,North Region,checkout_error,6
2026-07-01,North Region,shipping_query,23
2026-07-01,North Region,return_request,11
2026-07-01,North Region,other,48
2026-07-02,East Region,checkout_error,7
2026-07-02,East Region,shipping_query,26
2026-07-02,East Region,return_request,7
2026-07-02,East Region,other,31
2026-07-02,North Region,checkout_error,8
2026-07-02,North Region,shipping_query,24
2026-07-02,North Region,return_request,14
2026-07-02,North Region,other,38
2026-07-03,East Region,checkout_error,5
2026-07-03,East Region,shipping_query,27
2026-07-03,East Region,return_request,11
2026-07-03,East Region,other,21
2026-07-03,North Region,checkout_error,6
2026-07-03,North Region,shipping_query,19
2026-07-03,North Region,return_request,14
2026-07-03,North Region,other,42
2026-07-04,East Region,checkout_error,3
2026-07-04,East Region,shipping_query,17
2026-07-04,East Region,return_request,8
2026-07-04,East Region,other,37
2026-07-04,North Region,checkout_error,12
2026-07-04,North Region,shipping_query,19
2026-07-04,North Region,return_request,13
2026-07-04,North Region,other,35
2026-07-05,East Region,checkout_error,6
2026-07-05,East Region,shipping_query,20
2026-07-05,East Region,return_request,9
2026-07-05,East Region,other,28
2026-07-05,North Region,checkout_error,11
2026-07-05,North Region,shipping_query,13
2026-07-05,North Region,return_request,19
2026-07-05,North Region,other,42
2026-07-06,East Region,checkout_error,4
2026-07-06,East Region,shipping_query,22
2026-07-06,East Region,return_request,15
2026-07-06,East Region,other,30
2026-07-06,North Region,checkout_error,12
2026-07-06,North Region,shipping_query,20
2026-07-06,North Region,return_request,17
2026-07-06,North Region,other,36
2026-07-07,East Region,checkout_error,9
2026-07-07,East Region,shipping_query,19
2026-07-07,East Region,return_request,12
2026-07-07,East Region,other,26
2026-07-07,North Region,checkout_error,5
2026-07-07,North Region,shipping_query,26
2026-07-07,North Region,return_request,9
2026-07-07,North Region,other,34
2026-07-08,East Region,checkout_error,3
2026-07-08,East Region,shipping_query,18
2026-07-08,East Region,return_request,21
2026-07-08,East Region,other,39
2026-07-08,North Region,checkout_error,6
2026-07-08,North Region,shipping_query,23
2026-07-08,North Region,return_request,11
2026-07-08,North Region,other,42
2026-07-09,East Region,checkout_error,7
2026-07-09,East Region,shipping_query,21
2026-07-09,East Region,return_request,12
2026-07-09,East Region,other,30
2026-07-09,North Region,checkout_error,9
2026-07-09,North Region,shipping_query,28
2026-07-09,North Region,return_request,13
2026-07-09,North Region,other,33
2026-07-10,East Region,checkout_error,7
2026-07-10,East Region,shipping_query,22
2026-07-10,East Region,return_request,11
2026-07-10,East Region,other,36
2026-07-10,North Region,checkout_error,8
2026-07-10,North Region,shipping_query,22
2026-07-10,North Region,return_request,15
2026-07-10,North Region,other,27
2026-07-11,East Region,checkout_error,8
2026-07-11,East Region,shipping_query,26
2026-07-11,East Region,return_request,11
2026-07-11,East Region,other,25
2026-07-11,North Region,checkout_error,6
2026-07-11,North Region,shipping_query,28
2026-07-11,North Region,return_request,11
2026-07-11,North Region,other,40
2026-07-12,East Region,checkout_error,9
2026-07-12,East Region,shipping_query,16
2026-07-12,East Region,return_request,11
2026-07-12,East Region,other,38
2026-07-12,North Region,checkout_error,9
2026-07-12,North Region,shipping_query,31
2026-07-12,North Region,return_request,19
2026-07-12,North Region,other,32
2026-07-13,East Region,checkout_error,4
2026-07-13,East Region,shipping_query,25
2026-07-13,East Region,return_request,14
2026-07-13,East Region,other,35
2026-07-13,North Region,checkout_error,8
2026-07-13,North Region,shipping_query,25
2026-07-13,North Region,return_request,16
2026-07-13,North Region,other,40
2026-07-14,East Region,checkout_error,7
2026-07-14,East Region,shipping_query,22
2026-07-14,East Region,return_request,13
2026-07-14,East Region,other,42
2026-07-14,North Region,checkout_error,9
2026-07-14,North Region,shipping_query,23
2026-07-14,North Region,return_request,13
2026-07-14,North Region,other,36
2026-07-15,East Region,checkout_error,8
2026-07-15,East Region,shipping_query,24
2026-07-15,East Region,return_request,15
2026-07-15,East Region,other,34
2026-07-15,North Region,checkout_error,6
2026-07-15,North Region,shipping_query,18
2026-07-15,North Region,return_request,14
2026-07-15,North Region,other,44
2026-07-16,East Region,checkout_error,10
2026-07-16,East Region,shipping_query,25
2026-07-16,East Region,return_request,16
2026-07-16,East Region,other,26
2026-07-16,North Region,checkout_error,11
2026-07-16,North Region,shipping_query,19
2026-07-16,North Region,return_request,13
2026-07-16,North Region,other,22
2026-07-17,East Region,checkout_error,6
2026-07-17,East Region,shipping_query,12
2026-07-17,East Region,return_request,13
2026-07-17,East Region,other,38
2026-07-17,North Region,checkout_error,3
2026-07-17,North Region,shipping_query,17
2026-07-17,North Region,return_request,13
2026-07-17,North Region,other,35
2026-07-18,East Region,checkout_error,8
2026-07-18,East Region,shipping_query,24
2026-07-18,East Region,return_request,15
2026-07-18,East Region,other,33
2026-07-18,North Region,checkout_error,4
2026-07-18,North Region,shipping_query,17
2026-07-18,North Region,return_request,16
2026-07-18,North Region,other,30
2026-07-19,East Region,checkout_error,8
2026-07-19,East Region,shipping_query,27
2026-07-19,East Region,return_request,12
2026-07-19,East Region,other,29
2026-07-19,North Region,checkout_error,7
2026-07-19,North Region,shipping_query,19
2026-07-19,North Region,return_request,20
2026-07-19,North Region,other,27
2026-07-20,East Region,checkout_error,8
2026-07-20,East Region,shipping_query,23
2026-07-20,East Region,return_request,11
2026-07-20,East Region,other,34
2026-07-20,North Region,checkout_error,4
2026-07-20,North Region,shipping_query,27
2026-07-20,North Region,return_request,18
2026-07-20,North Region,other,30
2026-07-21,East Region,checkout_error,4
2026-07-21,East Region,shipping_query,24
2026-07-21,East Region,return_request,7
2026-07-21,East Region,other,31
2026-07-21,North Region,checkout_error,10
2026-07-21,North Region,shipping_query,23
2026-07-21,North Region,return_request,12
2026-07-21,North Region,other,21
2026-07-22,East Region,checkout_error,8
2026-07-22,East Region,shipping_query,14
2026-07-22,East Region,return_request,13
2026-07-22,East Region,other,40
2026-07-22,North Region,checkout_error,5
2026-07-22,North Region,shipping_query,18
2026-07-22,North Region,return_request,13
2026-07-22,North Region,other,34
2026-07-23,East Region,checkout_error,9
2026-07-23,East Region,shipping_query,18
2026-07-23,East Region,return_request,13
2026-07-23,East Region,other,30
2026-07-23,North Region,checkout_error,6
2026-07-23,North Region,shipping_query,29
2026-07-23,North Region,return_request,14
2026-07-23,North Region,other,34
2026-07-24,East Region,checkout_error,9
2026-07-24,East Region,shipping_query,19
2026-07-24,East Region,return_request,16
2026-07-24,East Region,other,28
2026-07-24,North Region,checkout_error,9
2026-07-24,North Region,shipping_query,25
2026-07-24,North Region,return_request,11
2026-07-24,North Region,other,38
2026-07-25,East Region,checkout_error,6
2026-07-25,East Region,shipping_query,25
2026-07-25,East Region,return_request,4
2026-07-25,East Region,other,30
2026-07-25,North Region,checkout_error,4
2026-07-25,North Region,shipping_query,24
2026-07-25,North Region,return_request,17
2026-07-25,North Region,other,36
2026-07-26,East Region,checkout_error,12
2026-07-26,East Region,shipping_query,23
2026-07-26,East Region,return_request,11
2026-07-26,East Region,other,32
2026-07-26,North Region,checkout_error,7
2026-07-26,North Region,shipping_query,18
2026-07-26,North Region,return_request,9
2026-07-26,North Region,other,40
2026-07-27,East Region,checkout_error,6
2026-07-27,East Region,shipping_query,27
2026-07-27,East Region,return_request,10
2026-07-27,East Region,other,35
2026-07-27,North Region,checkout_error,9
2026-07-27,North Region,shipping_query,19
2026-07-27,North Region,return_request,10
2026-07-27,North Region,other,28
2026-07-28,East Region,checkout_error,9
2026-07-28,East Region,shipping_query,21
2026-07-28,East Region,return_request,15
2026-07-28,East Region,other,36
2026-07-28,North Region,checkout_error,10
2026-07-28,North Region,shipping_query,23
2026-07-28,North Region,return_request,12
2026-07-28,North Region,other,43
2026-07-29,East Region,checkout_error,6
2026-07-29,East Region,shipping_query,23
2026-07-29,East Region,return_request,10
2026-07-29,East Region,other,34
2026-07-29,North Region,checkout_error,4
2026-07-29,North Region,shipping_query,18
2026-07-29,North Region,return_request,14
2026-07-29,North Region,other,37
2026-07-30,East Region,checkout_error,8
2026-07-30,East Region,shipping_query,20
2026-07-30,East Region,return_request,14
2026-07-30,East Region,other,33
2026-07-30,North Region,checkout_error,6
2026-07-30,North Region,shipping_query,18
2026-07-30,North Region,return_request,15
2026-07-30,North Region,other,35
2026-07-31,East Region,checkout_error,9
2026-07-31,East Region,shipping_query,25
2026-07-31,East Region,return_request,14
2026-07-31,East Region,other,32
2026-07-31,North Region,checkout_error,7
2026-07-31,North Region,shipping_query,25
2026-07-31,North Region,return_request,11
2026-07-31,North Region,other,37
2026-08-01,East Region,checkout_error,7
2026-08-01,East Region,shipping_query,22
2026-08-01,East Region,return_request,16
2026-08-01,East Region,other,37
2026-08-01,North Region,checkout_error,9
2026-08-01,North Region,shipping_query,17
2026-08-01,North Region,return_request,11
2026-08-01,North Region,other,35
2026-08-02,East Region,checkout_error,8
2026-08-02,East Region,shipping_query,27
2026-08-02,East Region,return_request,11
2026-08-02,East Region,other,42
2026-08-02,North Region,checkout_error,8
2026-08-02,North Region,shipping_query,21
2026-08-02,North Region,return_request,11
2026-08-02,North Region,other,38
2026-08-03,East Region,checkout_error,9
2026-08-03,East Region,shipping_query,28
2026-08-03,East Region,return_request,17
2026-08-03,East Region,other,46
2026-08-03,North Region,checkout_error,10
2026-08-03,North Region,shipping_query,21
2026-08-03,North Region,return_request,13
2026-08-03,North Region,other,40
2026-08-04,East Region,checkout_error,7
2026-08-04,East Region,shipping_query,20
2026-08-04,East Region,return_request,8
2026-08-04,East Region,other,42
2026-08-04,North Region,checkout_error,6
2026-08-04,North Region,shipping_query,26
2026-08-04,North Region,return_request,9
2026-08-04,North Region,other,30
2026-08-05,East Region,checkout_error,12
2026-08-05,East Region,shipping_query,20
2026-08-05,East Region,return_request,13
2026-08-05,East Region,other,40
2026-08-05,North Region,checkout_error,8
2026-08-05,North Region,shipping_query,21
2026-08-05,North Region,return_request,15
2026-08-05,North Region,other,26
2026-08-06,East Region,checkout_error,7
2026-08-06,East Region,shipping_query,25
2026-08-06,East Region,return_request,11
2026-08-06,East Region,other,33
2026-08-06,North Region,checkout_error,9
2026-08-06,North Region,shipping_query,20
2026-08-06,North Region,return_request,13
2026-08-06,North Region,other,30
2026-08-07,East Region,checkout_error,7
2026-08-07,East Region,shipping_query,18
2026-08-07,East Region,return_request,14
2026-08-07,East Region,other,26
2026-08-07,North Region,checkout_error,8
2026-08-07,North Region,shipping_query,24
2026-08-07,North Region,return_request,13
2026-08-07,North Region,other,29
2026-08-08,East Region,checkout_error,5
2026-08-08,East Region,shipping_query,14
2026-08-08,East Region,return_request,13
2026-08-08,East Region,other,35
2026-08-08,North Region,checkout_error,4
2026-08-08,North Region,shipping_query,25
2026-08-08,North Region,return_request,16
2026-08-08,North Region,other,21
2026-08-09,East Region,checkout_error,5
2026-08-09,East Region,shipping_query,22
2026-08-09,East Region,return_request,19
2026-08-09,East Region,other,35
2026-08-09,North Region,checkout_error,8
2026-08-09,North Region,shipping_query,24
2026-08-09,North Region,return_request,18
2026-08-09,North Region,other,37
2026-08-10,East Region,checkout_error,10
2026-08-10,East Region,shipping_query,27
2026-08-10,East Region,return_request,9
2026-08-10,East Region,other,34
2026-08-10,North Region,checkout_error,10
2026-08-10,North Region,shipping_query,18
2026-08-10,North Region,return_request,17
2026-08-10,North Region,other,34
2026-08-11,East Region,checkout_error,7
2026-08-11,East Region,shipping_query,24
2026-08-11,East Region,return_request,20
2026-08-11,East Region,other,34
2026-08-11,North Region,checkout_error,7
2026-08-11,North Region,shipping_query,21
2026-08-11,North Region,return_request,16
2026-08-11,North Region,other,31
2026-08-12,East Region,checkout_error,5
2026-08-12,East Region,shipping_query,22
2026-08-12,East Region,return_request,16
2026-08-12,East Region,other,31
2026-08-12,North Region,checkout_error,7
2026-08-12,North Region,shipping_query,24
2026-08-12,North Region,return_request,21
2026-08-12,North Region,other,33
2026-08-13,East Region,checkout_error,12
2026-08-13,East Region,shipping_query,25
2026-08-13,East Region,return_request,10
2026-08-13,East Region,other,42
2026-08-13,North Region,checkout_error,5
2026-08-13,North Region,shipping_query,20
2026-08-13,North Region,return_request,15
2026-08-13,North Region,other,38
2026-08-14,East Region,checkout_error,8
2026-08-14,East Region,shipping_query,23
2026-08-14,East Region,return_request,10
2026-08-14,East Region,other,34
2026-08-14,North Region,checkout_error,8
2026-08-14,North Region,shipping_query,22
2026-08-14,North Region,return_request,13
2026-08-14,North Region,other,33
2026-08-15,East Region,checkout_error,5
2026-08-15,East Region,shipping_query,22
2026-08-15,East Region,return_request,12
2026-08-15,East Region,other,30
2026-08-15,North Region,checkout_error,6
2026-08-15,North Region,shipping_query,25
2026-08-15,North Region,return_request,16
2026-08-15,North Region,other,37
2026-08-16,East Region,checkout_error,8
2026-08-16,East Region,shipping_query,21
2026-08-16,East Region,return_request,18
2026-08-16,East Region,other,34
2026-08-16,North Region,checkout_error,4
2026-08-16,North Region,shipping_query,16
2026-08-16,North Region,return_request,15
2026-08-16,North Region,other,43
2026-08-17,East Region,checkout_error,7
2026-08-17,East Region,shipping_query,15
2026-08-17,East Region,return_request,11
2026-08-17,East Region,other,26
2026-08-17,North Region,checkout_error,5
2026-08-17,North Region,shipping_query,24
2026-08-17,North Region,return_request,13
2026-08-17,North Region,other,31
2026-08-18,East Region,checkout_error,11
2026-08-18,East Region,shipping_query,25
2026-08-18,East Region,return_request,14
2026-08-18,East Region,other,33
2026-08-18,North Region,checkout_error,6
2026-08-18,North Region,shipping_query,31
2026-08-18,North Region,return_request,14
2026-08-18,North Region,other,40
2026-08-19,East Region,checkout_error,8
2026-08-19,East Region,shipping_query,20
2026-08-19,East Region,return_request,14
2026-08-19,East Region,other,39
2026-08-19,North Region,checkout_error,10
2026-08-19,North Region,shipping_query,23
2026-08-19,North Region,return_request,13
2026-08-19,North Region,other,41
2026-08-20,East Region,checkout_error,4
2026-08-20,East Region,shipping_query,20
2026-08-20,East Region,return_request,14
2026-08-20,East Region,other,46
2026-08-20,North Region,checkout_error,11
2026-08-20,North Region,shipping_query,24
2026-08-20,North Region,return_request,13
2026-08-20,North Region,other,39
2026-08-21,East Region,checkout_error,7
2026-08-21,East Region,shipping_query,21
2026-08-21,East Region,return_request,14
2026-08-21,East Region,other,34
2026-08-21,North Region,checkout_error,9
2026-08-21,North Region,shipping_query,22
2026-08-21,North Region,return_request,13
2026-08-21,North Region,other,32
2026-08-22,East Region,checkout_error,7
2026-08-22,East Region,shipping_query,20
2026-08-22,East Region,return_request,10
2026-08-22,East Region,other,35
2026-08-22,North Region,checkout_error,9
2026-08-22,North Region,shipping_query,25
2026-08-22,North Region,return_request,14
2026-08-22,North Region,other,33
2026-08-23,East Region,checkout_error,5
2026-08-23,East Region,shipping_query,23
2026-08-23,East Region,return_request,15
2026-08-23,East Region,other,38
2026-08-23,North Region,checkout_error,9
2026-08-23,North Region,shipping_query,23
2026-08-23,North Region,return_request,15
2026-08-23,North Region,other,34
2026-08-24,East Region,checkout_error,5
2026-08-24,East Region,shipping_query,22
2026-08-24,East Region,return_request,10
2026-08-24,East Region,other,33
2026-08-24,North Region,checkout_error,3
2026-08-24,North Region,shipping_query,14
2026-08-24,North Region,return_request,11
2026-08-24,North Region,other,28
2026-08-25,East Region,checkout_error,5
2026-08-25,East Region,shipping_query,18
2026-08-25,East Region,return_request,13
2026-08-25,East Region,other,37
2026-08-25,North Region,checkout_error,7
2026-08-25,North Region,shipping_query,20
2026-08-25,North Region,return_request,13
2026-08-25,North Region,other,33
2026-08-26,East Region,checkout_error,6
2026-08-26,East Region,shipping_query,20
2026-08-26,East Region,return_request,8
2026-08-26,East Region,other,43
2026-08-26,North Region,checkout_error,9
2026-08-26,North Region,shipping_query,18
2026-08-26,North Region,return_request,13
2026-08-26,North Region,other,33
